WARD,PRECINCT,REGISTERED VOTERS,BALLOTS CAST,BRANDON JOHNSON,PAUL VALLAS,ANA GUAJARDO,CHRIS TALIAFERRO,KIM WALZ,RONNIE L. MOSLEY,ANGELA CLAY,MARTINA 'TINA' HONE,JESSICA W. GUTIERREZ,PRENTICE C. BUTLER,PETER CHICO,JOE DUNNE,LAMONT ROBINSON,TIMMY KNUDSEN,"GILBERT ""GIL"" VILLEGAS",LENI MANAA-HOPPENWORTH,CREATIVE SCOTT,CORNELL DANTZLER,BRIAN C. COMER,"ANTHONY ""TONY"" CIARAVINO",NICOLE LEE,RUTH CRUZ,MEGAN MATHIAS,WILLIAM E. HALL,DESMON C. YANCY,RICHARD A WOOTEN,CB JOHNSON,"LEONOR ""LORI"" TORRES WHITT",MONIQUE L. SCOTT,"JAMES ""JIM"" GARDINER"
1,1,1512,691,469,222,,,,,,,,,,,,,,,,,,,,,,,,,,,,
1,2,1471,702,487,214,,,,,,,,,,,,,,,,,,,,,,,,,,,,
1,3,1586,735,456,278,,,,,,,,,,,,,,,,,,,,,,,,,,,,
1,4,1518,594,466,127,,,,,,,,,,,,,,,,,,,,,,,,,,,,
1,5,1675,646,483,163,,,,,,,,,,,,,,,,,,,,,,,,,,,,
1,6,1410,569,367,201,,,,,,,,,,,,,,,,,,,,,,,,,,,,
1,7,1722,687,506,181,,,,,,,,,,,,,,,,,,,,,,,,,,,,
1,8,1448,547,352,195,,,,,,,,,,,,,,,,,,,,,,,,,,,,
1,9,932,356,206,150,,,,,,,,,,,,,,,,,,,,,,,,,,,,
1,10,1855,717,414,303,,,,,,,,,,,,,,,,,,,,,,,,,,,,
1,11,1770,594,407,187,,,,,,,,,,,,,,,,,,,,,,,,,,,,
1,12,786,294,190,104,,,,,,,,,,,,,,,,,,,,,,,,,,,,
1,13,1129,471,308,163,,,,,,,,,,,,,,,,,,,,,,,,,,,,
1,14,1089,386,205,178,,,,,,,,,,,,,,,,,,,,,,,,,,,,
1,15,1631,673,379,294,,,,,,,,,,,,,,,,,,,,,,,,,,,,
1,16,1615,691,406,284,,,,,,,,,,,,,,,,,,,,,,,,,,,,
1,17,1031,414,243,171,,,,,,,,,,,,,,,,,,,,,,,,,,,,
1,18,1640,557,335,222,,,,,,,,,,,,,,,,,,,,,,,,,,,,
1,19,1532,512,289,223,,,,,,,,,,,,,,,,,,,,,,,,,,,,
1,20,1354,492,283,207,,,,,,,,,,,,,,,,,,,,,,,,,,,,
1,21,1431,520,335,185,,,,,,,,,,,,,,,,,,,,,,,,,,,,
1,22,1905,685,414,271,,,,,,,,,,,,,,,,,,,,,,,,,,,,
1,23,962,330,191,139,,,,,,,,,,,,,,,,,,,,,,,,,,,,
1,24,1941,784,406,377,,,,,,,,,,,,,,,,,,,,,,,,,,,,
1,25,1899,679,336,342,,,,,,,,,,,,,,,,,,,,,,,,,,,,
1,26,1707,659,318,341,,,,,,,,,,,,,,,,,,,,,,,,,,,,
2,1,1779,571,143,428,,,,,,,,,,,,,,,,,,,,,,,,,,,,
2,2,1847,759,180,579,,,,,,,,,,,,,,,,,,,,,,,,,,,,
2,3,1443,414,132,282,,,,,,,,,,,,,,,,,,,,,,,,,,,,
2,4,1572,448,116,332,,,,,,,,,,,,,,,,,,,,,,,,,,,,
2,5,1327,573,127,446,,,,,,,,,,,,,,,,,,,,,,,,,,,,
2,6,1637,792,169,623,,,,,,,,,,,,,,,,,,,,,,,,,,,,
2,7,1602,681,132,548,,,,,,,,,,,,,,,,,,,,,,,,,,,,
2,8,1138,576,98,478,,,,,,,,,,,,,,,,,,,,,,,,,,,,
2,9,1684,747,146,601,,,,,,,,,,,,,,,,,,,,,,,,,,,,
2,10,1072,323,93,230,,,,,,,,,,,,,,,,,,,,,,,,,,,,
2,11,1421,501,142,359,,,,,,,,,,,,,,,,,,,,,,,,,,,,
2,12,1338,500,179,320,,,,,,,,,,,,,,,,,,,,,,,,,,,,
2,13,1799,714,174,540,,,,,,,,,,,,,,,,,,,,,,,,,,,,
2,14,1028,442,127,315,,,,,,,,,,,,,,,,,,,,,,,,,,,,
2,15,1269,615,120,495,,,,,,,,,,,,,,,,,,,,,,,,,,,,
2,16,1398,687,132,555,,,,,,,,,,,,,,,,,,,,,,,,,,,,
2,17,1900,974,269,704,,,,,,,,,,,,,,,,,,,,,,,,,,,,
2,18,1406,509,178,330,,,,,,,,,,,,,,,,,,,,,,,,,,,,
2,19,765,324,79,245,,,,,,,,,,,,,,,,,,,,,,,,,,,,
2,20,854,418,97,321,,,,,,,,,,,,,,,,,,,,,,,,,,,,
2,21,280,144,33,111,,,,,,,,,,,,,,,,,,,,,,,,,,,,
2,22,1221,434,170,263,,,,,,,,,,,,,,,,,,,,,,,,,,,,
2,23,1304,498,183,315,,,,,,,,,,,,,,,,,,,,,,,,,,,,
2,24,940,447,126,321,,,,,,,,,,,,,,,,,,,,,,,,,,,,
2,25,1540,666,170,496,,,,,,,,,,,,,,,,,,,,,,,,,,,,
3,1,1838,527,431,95,,,,,,,,,,,,,,,,,,,,,,,,,,,,
3,2,1257,592,487,105,,,,,,,,,,,,,,,,,,,,,,,,,,,,
3,3,1178,409,232,177,,,,,,,,,,,,,,,,,,,,,,,,,,,,
3,4,1109,414,341,72,,,,,,,,,,,,,,,,,,,,,,,,,,,,
3,5,412,120,96,24,,,,,,,,,,,,,,,,,,,,,,,,,,,,
3,6,1550,493,335,158,,,,,,,,,,,,,,,,,,,,,,,,,,,,
3,7,706,318,236,82,,,,,,,,,,,,,,,,,,,,,,,,,,,,
3,8,1724,412,355,56,,,,,,,,,,,,,,,,,,,,,,,,,,,,
3,9,948,288,174,114,,,,,,,,,,,,,,,,,,,,,,,,,,,,
3,10,916,338,123,215,,,,,,,,,,,,,,,,,,,,,,,,,,,,
3,11,1952,553,463,88,,,,,,,,,,,,,,,,,,,,,,,,,,,,
3,12,1529,609,497,111,,,,,,,,,,,,,,,,,,,,,,,,,,,,
3,13,1442,737,280,457,,,,,,,,,,,,,,,,,,,,,,,,,,,,
3,14,1867,741,362,379,,,,,,,,,,,,,,,,,,,,,,,,,,,,
3,15,1543,445,357,88,,,,,,,,,,,,,,,,,,,,,,,,,,,,
3,16,674,318,200,118,,,,,,,,,,,,,,,,,,,,,,,,,,,,
3,17,629,127,102,25,,,,,,,,,,,,,,,,,,,,,,,,,,,,
3,18,909,163,130,33,,,,,,,,,,,,,,,,,,,,,,,,,,,,
3,19,1760,803,306,497,,,,,,,,,,,,,,,,,,,,,,,,,,,,
3,20,1338,543,436,106,,,,,,,,,,,,,,,,,,,,,,,,,,,,
3,21,1300,447,236,211,,,,,,,,,,,,,,,,,,,,,,,,,,,,
3,22,1074,400,281,118,,,,,,,,,,,,,,,,,,,,,,,,,,,,
3,23,898,184,143,41,,,,,,,,,,,,,,,,,,,,,,,,,,,,
3,24,508,100,90,10,,,,,,,,,,,,,,,,,,,,,,,,,,,,
3,25,1837,788,203,584,,,,,,,,,,,,,,,,,,,,,,,,,,,,
3,26,1823,259,206,53,,,,,,,,,,,,,,,,,,,,,,,,,,,,
3,27,1525,668,294,374,,,,,,,,,,,,,,,,,,,,,,,,,,,,
4,1,1779,745,603,141,,,,,,,,213,,,496,,,,,,,,,,,,,,,,,
4,2,861,286,216,70,,,,,,,,103,,,176,,,,,,,,,,,,,,,,,
4,3,1033,478,351,127,,,,,,,,200,,,265,,,,,,,,,,,,,,,,,
4,4,1375,569,487,81,,,,,,,,207,,,351,,,,,,,,,,,,,,,,,
4,5,688,264,211,52,,,,,,,,72,,,184,,,,,,,,,,,,,,,,,
4,6,1046,404,288,115,,,,,,,,127,,,269,,,,,,,,,,,,,,,,,
4,7,683,323,237,85,,,,,,,,135,,,183,,,,,,,,,,,,,,,,,
4,8,819,405,320,85,,,,,,,,144,,,253,,,,,,,,,,,,,,,,,
4,9,1462,417,346,71,,,,,,,,151,,,260,,,,,,,,,,,,,,,,,
4,10,980,399,326,70,,,,,,,,131,,,261,,,,,,,,,,,,,,,,,
4,11,1235,535,430,104,,,,,,,,238,,,292,,,,,,,,,,,,,,,,,
4,12,785,378,283,90,,,,,,,,139,,,231,,,,,,,,,,,,,,,,,
4,13,933,366,293,69,,,,,,,,115,,,236,,,,,,,,,,,,,,,,,
4,14,822,366,299,66,,,,,,,,144,,,217,,,,,,,,,,,,,,,,,
4,15,847,331,255,76,,,,,,,,101,,,226,,,,,,,,,,,,,,,,,
4,16,1189,465,374,87,,,,,,,,163,,,292,,,,,,,,,,,,,,,,,
4,17,2009,549,449,93,,,,,,,,136,,,397,,,,,,,,,,,,,,,,,
4,18,856,174,147,24,,,,,,,,20,,,149,,,,,,,,,,,,,,,,,
4,19,828,434,318,115,,,,,,,,140,,,290,,,,,,,,,,,,,,,,,
4,20,1428,524,402,120,,,,,,,,129,,,388,,,,,,,,,,,,,,,,,
4,21,770,363,284,79,,,,,,,,128,,,229,,,,,,,,,,,,,,,,,
4,22,370,176,120,55,,,,,,,,31,,,140,,,,,,,,,,,,,,,,,
4,23,783,314,206,107,,,,,,,,75,,,229,,,,,,,,,,,,,,,,,
4,24,1536,642,459,182,,,,,,,,128,,,494,,,,,,,,,,,,,,,,,
4,25,1812,711,300,406,,,,,,,,242,,,436,,,,,,,,,,,,,,,,,
4,26,1400,739,315,420,,,,,,,,275,,,426,,,,,,,,,,,,,,,,,
4,27,1892,582,376,206,,,,,,,,167,,,382,,,,,,,,,,,,,,,,,
4,28,1688,712,399,311,,,,,,,,257,,,415,,,,,,,,,,,,,,,,,
5,1,1684,522,436,82,,,,,,180,,,,,,,,,,,,,,,,,330,,,,,
5,2,1625,633,487,146,,,,,,260,,,,,,,,,,,,,,,,,356,,,,,
5,3,1736,561,471,90,,,,,,167,,,,,,,,,,,,,,,,,376,,,,,
5,4,1784,492,394,97,,,,,,171,,,,,,,,,,,,,,,,,310,,,,,
5,5,446,200,154,44,,,,,,91,,,,,,,,,,,,,,,,,104,,,,,
5,6,642,234,176,57,,,,,,97,,,,,,,,,,,,,,,,,134,,,,,
5,7,563,112,87,24,,,,,,27,,,,,,,,,,,,,,,,,78,,,,,
5,8,601,171,127,44,,,,,,68,,,,,,,,,,,,,,,,,98,,,,,
5,9,486,153,117,36,,,,,,48,,,,,,,,,,,,,,,,,100,,,,,
5,10,985,216,178,38,,,,,,64,,,,,,,,,,,,,,,,,146,,,,,
5,11,1356,363,288,73,,,,,,135,,,,,,,,,,,,,,,,,218,,,,,
5,12,1227,658,439,216,,,,,,396,,,,,,,,,,,,,,,,,243,,,,,
5,13,749,253,217,35,,,,,,102,,,,,,,,,,,,,,,,,145,,,,,
5,14,837,292,241,51,,,,,,118,,,,,,,,,,,,,,,,,167,,,,,
5,15,1919,917,700,208,,,,,,482,,,,,,,,,,,,,,,,,408,,,,,
5,16,1194,537,378,150,,,,,,308,,,,,,,,,,,,,,,,,211,,,,,
5,17,819,399,300,97,,,,,,209,,,,,,,,,,,,,,,,,178,,,,,
5,18,1772,813,573,238,,,,,,462,,,,,,,,,,,,,,,,,326,,,,,
5,19,665,401,279,121,,,,,,203,,,,,,,,,,,,,,,,,190,,,,,
5,20,1241,603,492,111,,,,,,245,,,,,,,,,,,,,,,,,342,,,,,
5,21,1221,551,429,119,,,,,,255,,,,,,,,,,,,,,,,,272,,,,,
5,22,1421,627,507,119,,,,,,263,,,,,,,,,,,,,,,,,341,,,,,
5,23,691,318,205,110,,,,,,188,,,,,,,,,,,,,,,,,121,,,,,
5,24,855,433,329,100,,,,,,218,,,,,,,,,,,,,,,,,182,,,,,
5,25,1803,894,584,305,,,,,,549,,,,,,,,,,,,,,,,,324,,,,,
6,1,797,161,130,30,,,,,,,,,,,,,,,,,,,,,,76,,72,,,,
6,2,734,219,183,35,,,,,,,,,,,,,,,,,,,,,,111,,97,,,,
6,3,362,64,51,13,,,,,,,,,,,,,,,,,,,,,,34,,26,,,,
6,4,846,158,128,29,,,,,,,,,,,,,,,,,,,,,,76,,70,,,,
6,5,1215,222,170,50,,,,,,,,,,,,,,,,,,,,,,154,,59,,,,
6,6,1079,270,216,54,,,,,,,,,,,,,,,,,,,,,,133,,123,,,,
6,7,1271,327,266,61,,,,,,,,,,,,,,,,,,,,,,203,,114,,,,
6,8,945,243,188,53,,,,,,,,,,,,,,,,,,,,,,126,,103,,,,
6,9,1661,497,391,102,,,,,,,,,,,,,,,,,,,,,,335,,147,,,,
6,10,1275,306,251,53,,,,,,,,,,,,,,,,,,,,,,164,,125,,,,
6,11,639,123,97,24,,,,,,,,,,,,,,,,,,,,,,67,,53,,,,
6,12,1314,335,275,59,,,,,,,,,,,,,,,,,,,,,,176,,146,,,,
6,13,1126,433,350,82,,,,,,,,,,,,,,,,,,,,,,260,,160,,,,
6,14,1394,428,365,63,,,,,,,,,,,,,,,,,,,,,,239,,172,,,,
6,15,1664,406,322,84,,,,,,,,,,,,,,,,,,,,,,181,,211,,,,
6,16,893,253,194,58,,,,,,,,,,,,,,,,,,,,,,127,,119,,,,
6,17,1489,553,441,110,,,,,,,,,,,,,,,,,,,,,,315,,228,,,,
6,18,1520,583,467,115,,,,,,,,,,,,,,,,,,,,,,352,,217,,,,
6,19,1390,402,328,70,,,,,,,,,,,,,,,,,,,,,,206,,170,,,,
6,20,1578,644,529,114,,,,,,,,,,,,,,,,,,,,,,412,,218,,,,
6,21,1277,451,373,77,,,,,,,,,,,,,,,,,,,,,,283,,162,,,,
6,22,1918,647,534,111,,,,,,,,,,,,,,,,,,,,,,287,,339,,,,
6,23,1821,587,475,108,,,,,,,,,,,,,,,,,,,,,,287,,285,,,,
6,24,1373,544,425,117,,,,,,,,,,,,,,,,,,,,,,279,,251,,,,
6,25,870,412,320,89,,,,,,,,,,,,,,,,,,,,,,324,,85,,,,
6,26,1666,534,424,108,,,,,,,,,,,,,,,,,,,,,,285,,239,,,,
6,27,1670,619,516,101,,,,,,,,,,,,,,,,,,,,,,345,,259,,,,
7,1,1786,428,358,69,,,,,,,,,,,,,,,,,,,,,,,,,,,,
7,2,1697,580,473,106,,,,,,,,,,,,,,,,,,,,,,,,,,,,
7,3,1485,306,267,39,,,,,,,,,,,,,,,,,,,,,,,,,,,,
7,4,1453,335,263,71,,,,,,,,,,,,,,,,,,,,,,,,,,,,
7,5,1338,508,376,130,,,,,,,,,,,,,,,,,,,,,,,,,,,,
7,6,449,114,90,24,,,,,,,,,,,,,,,,,,,,,,,,,,,,
7,7,1408,246,192,54,,,,,,,,,,,,,,,,,,,,,,,,,,,,
7,8,851,0,0,0,,,,,,,,,,,,,,,,,,,,,,,,,,,,
7,9,1600,303,246,57,,,,,,,,,,,,,,,,,,,,,,,,,,,,
7,10,1315,428,358,70,,,,,,,,,,,,,,,,,,,,,,,,,,,,
7,11,1155,398,317,81,,,,,,,,,,,,,,,,,,,,,,,,,,,,
7,12,1707,485,405,77,,,,,,,,,,,,,,,,,,,,,,,,,,,,
7,13,1695,304,242,62,,,,,,,,,,,,,,,,,,,,,,,,,,,,
7,14,1293,282,197,85,,,,,,,,,,,,,,,,,,,,,,,,,,,,
7,15,1655,416,316,96,,,,,,,,,,,,,,,,,,,,,,,,,,,,
7,16,662,155,110,44,,,,,,,,,,,,,,,,,,,,,,,,,,,,
7,17,580,119,87,32,,,,,,,,,,,,,,,,,,,,,,,,,,,,
7,18,238,96,74,22,,,,,,,,,,,,,,,,,,,,,,,,,,,,
7,19,1351,631,482,149,,,,,,,,,,,,,,,,,,,,,,,,,,,,
7,20,791,307,253,54,,,,,,,,,,,,,,,,,,,,,,,,,,,,
7,21,639,235,195,40,,,,,,,,,,,,,,,,,,,,,,,,,,,,
7,22,838,267,206,59,,,,,,,,,,,,,,,,,,,,,,,,,,,,
7,23,628,179,148,31,,,,,,,,,,,,,,,,,,,,,,,,,,,,
7,24,257,63,41,22,,,,,,,,,,,,,,,,,,,,,,,,,,,,
7,25,1026,303,244,59,,,,,,,,,,,,,,,,,,,,,,,,,,,,
7,26,1552,423,335,88,,,,,,,,,,,,,,,,,,,,,,,,,,,,
7,27,941,267,212,55,,,,,,,,,,,,,,,,,,,,,,,,,,,,
7,28,579,147,120,27,,,,,,,,,,,,,,,,,,,,,,,,,,,,
7,29,784,226,182,43,,,,,,,,,,,,,,,,,,,,,,,,,,,,
7,30,791,202,170,32,,,,,,,,,,,,,,,,,,,,,,,,,,,,
7,31,323,110,86,24,,,,,,,,,,,,,,,,,,,,,,,,,,,,
8,1,1836,488,399,86,,,,,,,,,,,,,,,,,,,,,,,,,,,,
8,2,966,220,173,46,,,,,,,,,,,,,,,,,,,,,,,,,,,,
8,3,544,206,158,48,,,,,,,,,,,,,,,,,,,,,,,,,,,,
8,4,1555,450,364,86,,,,,,,,,,,,,,,,,,,,,,,,,,,,
8,5,925,319,263,55,,,,,,,,,,,,,,,,,,,,,,,,,,,,
8,6,1493,541,440,101,,,,,,,,,,,,,,,,,,,,,,,,,,,,
8,7,898,307,241,64,,,,,,,,,,,,,,,,,,,,,,,,,,,,
8,8,1478,647,511,135,,,,,,,,,,,,,,,,,,,,,,,,,,,,
8,9,1401,390,325,65,,,,,,,,,,,,,,,,,,,,,,,,,,,,
8,10,2592,425,341,81,,,,,,,,,,,,,,,,,,,,,,,,,,,,
8,11,1225,398,328,70,,,,,,,,,,,,,,,,,,,,,,,,,,,,
8,12,946,471,376,95,,,,,,,,,,,,,,,,,,,,,,,,,,,,
8,13,1024,428,331,97,,,,,,,,,,,,,,,,,,,,,,,,,,,,
8,14,1368,482,391,91,,,,,,,,,,,,,,,,,,,,,,,,,,,,
8,15,873,369,288,81,,,,,,,,,,,,,,,,,,,,,,,,,,,,
8,16,1071,334,258,76,,,,,,,,,,,,,,,,,,,,,,,,,,,,
8,17,1351,594,437,156,,,,,,,,,,,,,,,,,,,,,,,,,,,,
8,18,1799,823,645,177,,,,,,,,,,,,,,,,,,,,,,,,,,,,
8,19,1806,564,457,107,,,,,,,,,,,,,,,,,,,,,,,,,,,,
8,20,1017,260,198,62,,,,,,,,,,,,,,,,,,,,,,,,,,,,
8,21,891,298,253,45,,,,,,,,,,,,,,,,,,,,,,,,,,,,
8,22,946,225,176,48,,,,,,,,,,,,,,,,,,,,,,,,,,,,
8,23,1813,599,489,109,,,,,,,,,,,,,,,,,,,,,,,,,,,,
8,24,1068,385,328,56,,,,,,,,,,,,,,,,,,,,,,,,,,,,
8,25,545,179,149,30,,,,,,,,,,,,,,,,,,,,,,,,,,,,
8,26,1115,321,276,45,,,,,,,,,,,,,,,,,,,,,,,,,,,,
8,27,1203,459,385,74,,,,,,,,,,,,,,,,,,,,,,,,,,,,
8,28,1014,300,238,61,,,,,,,,,,,,,,,,,,,,,,,,,,,,
8,29,1079,411,343,67,,,,,,,,,,,,,,,,,,,,,,,,,,,,
8,30,1130,382,297,83,,,,,,,,,,,,,,,,,,,,,,,,,,,,
9,1,1283,463,378,85,,,,,,,,,,,,,,,,,,,,,,,,,,,,
9,2,1465,289,239,50,,,,,,,,,,,,,,,,,,,,,,,,,,,,
9,3,555,168,148,20,,,,,,,,,,,,,,,,,,,,,,,,,,,,
9,4,1039,344,279,65,,,,,,,,,,,,,,,,,,,,,,,,,,,,
9,5,1078,353,286,67,,,,,,,,,,,,,,,,,,,,,,,,,,,,
9,6,1455,580,444,135,,,,,,,,,,,,,,,,,,,,,,,,,,,,
9,7,1651,447,361,85,,,,,,,,,,,,,,,,,,,,,,,,,,,,
9,8,1646,435,338,97,,,,,,,,,,,,,,,,,,,,,,,,,,,,
9,9,1221,269,201,68,,,,,,,,,,,,,,,,,,,,,,,,,,,,
9,10,1556,574,459,114,,,,,,,,,,,,,,,,,,,,,,,,,,,,
9,11,880,172,139,33,,,,,,,,,,,,,,,,,,,,,,,,,,,,
9,12,1408,533,431,102,,,,,,,,,,,,,,,,,,,,,,,,,,,,
9,13,1251,454,360,94,,,,,,,,,,,,,,,,,,,,,,,,,,,,
9,14,1127,248,197,51,,,,,,,,,,,,,,,,,,,,,,,,,,,,
9,15,1349,355,274,81,,,,,,,,,,,,,,,,,,,,,,,,,,,,
9,16,1890,459,370,89,,,,,,,,,,,,,,,,,,,,,,,,,,,,
9,17,740,129,100,29,,,,,,,,,,,,,,,,,,,,,,,,,,,,
9,18,1134,229,188,41,,,,,,,,,,,,,,,,,,,,,,,,,,,,
9,19,1094,176,120,56,,,,,,,,,,,,,,,,,,,,,,,,,,,,
9,20,1038,454,254,198,,,,,,,,,,,,,,,,,,,,,,,,,,,,
9,21,1808,400,320,79,,,,,,,,,,,,,,,,,,,,,,,,,,,,
9,22,1598,276,221,55,,,,,,,,,,,,,,,,,,,,,,,,,,,,
9,23,1057,250,213,37,,,,,,,,,,,,,,,,,,,,,,,,,,,,
9,24,1229,361,282,79,,,,,,,,,,,,,,,,,,,,,,,,,,,,
9,25,1043,280,222,58,,,,,,,,,,,,,,,,,,,,,,,,,,,,
9,26,1291,410,332,77,,,,,,,,,,,,,,,,,,,,,,,,,,,,
9,27,679,224,191,32,,,,,,,,,,,,,,,,,,,,,,,,,,,,
9,28,1066,160,121,39,,,,,,,,,,,,,,,,,,,,,,,,,,,,
9,29,1768,558,433,124,,,,,,,,,,,,,,,,,,,,,,,,,,,,
9,30,1545,417,334,83,,,,,,,,,,,,,,,,,,,,,,,,,,,,
10,1,748,130,77,51,77,,,,,,,,50,,,,,,,,,,,,,,,,,,,
10,2,745,176,88,88,76,,,,,,,,96,,,,,,,,,,,,,,,,,,,
10,3,1266,252,126,124,155,,,,,,,,90,,,,,,,,,,,,,,,,,,,
10,4,1399,284,182,101,165,,,,,,,,111,,,,,,,,,,,,,,,,,,,
10,5,578,130,40,88,61,,,,,,,,67,,,,,,,,,,,,,,,,,,,
10,6,810,146,59,86,76,,,,,,,,69,,,,,,,,,,,,,,,,,,,
10,7,1180,354,102,247,173,,,,,,,,181,,,,,,,,,,,,,,,,,,,
10,8,1092,364,84,279,171,,,,,,,,192,,,,,,,,,,,,,,,,,,,
10,9,1409,340,126,211,179,,,,,,,,157,,,,,,,,,,,,,,,,,,,
10,10,1237,343,121,216,175,,,,,,,,165,,,,,,,,,,,,,,,,,,,
10,11,561,118,37,78,65,,,,,,,,53,,,,,,,,,,,,,,,,,,,
10,12,1130,322,105,216,135,,,,,,,,185,,,,,,,,,,,,,,,,,,,
10,13,1298,409,129,277,181,,,,,,,,222,,,,,,,,,,,,,,,,,,,
10,14,1641,608,161,441,245,,,,,,,,360,,,,,,,,,,,,,,,,,,,
10,15,1392,507,105,397,149,,,,,,,,354,,,,,,,,,,,,,,,,,,,
10,16,1658,571,146,424,238,,,,,,,,329,,,,,,,,,,,,,,,,,,,
10,17,1095,525,116,408,187,,,,,,,,336,,,,,,,,,,,,,,,,,,,
10,18,1671,653,140,510,146,,,,,,,,501,,,,,,,,,,,,,,,,,,,
10,19,1158,398,65,331,79,,,,,,,,313,,,,,,,,,,,,,,,,,,,
10,20,717,216,55,160,62,,,,,,,,154,,,,,,,,,,,,,,,,,,,
10,21,680,314,58,254,64,,,,,,,,247,,,,,,,,,,,,,,,,,,,
10,22,1460,609,98,510,131,,,,,,,,475,,,,,,,,,,,,,,,,,,,
10,23,1351,296,129,164,178,,,,,,,,108,,,,,,,,,,,,,,,,,,,
10,24,1285,109,76,31,84,,,,,,,,22,,,,,,,,,,,,,,,,,,,
10,25,1357,182,142,40,124,,,,,,,,41,,,,,,,,,,,,,,,,,,,
11,1,812,313,75,225,,,,,,,,,,,,,,,,,,38,269,,,,,,,,,
11,2,382,167,39,121,,,,,,,,,,,,,,,,,,17,146,,,,,,,,,
11,3,1903,825,158,643,,,,,,,,,,,,,,,,,,252,569,,,,,,,,,
11,4,1005,444,131,308,,,,,,,,,,,,,,,,,,147,290,,,,,,,,,
11,5,1203,535,155,370,,,,,,,,,,,,,,,,,,172,356,,,,,,,,,
11,6,1465,658,175,460,,,,,,,,,,,,,,,,,,214,438,,,,,,,,,
11,7,1447,598,99,472,,,,,,,,,,,,,,,,,,62,526,,,,,,,,,
11,8,1763,829,119,693,,,,,,,,,,,,,,,,,,224,595,,,,,,,,,
11,9,1557,688,114,558,,,,,,,,,,,,,,,,,,295,384,,,,,,,,,
11,10,333,185,20,150,,,,,,,,,,,,,,,,,,82,101,,,,,,,,,
11,11,244,163,25,110,,,,,,,,,,,,,,,,,,74,88,,,,,,,,,
11,12,388,230,30,199,,,,,,,,,,,,,,,,,,155,74,,,,,,,,,
11,13,1067,571,108,460,,,,,,,,,,,,,,,,,,238,331,,,,,,,,,
11,14,1871,937,278,653,,,,,,,,,,,,,,,,,,426,501,,,,,,,,,
11,15,1647,594,308,280,,,,,,,,,,,,,,,,,,191,392,,,,,,,,,
11,16,1598,732,330,398,,,,,,,,,,,,,,,,,,249,471,,,,,,,,,
11,17,1012,410,117,290,,,,,,,,,,,,,,,,,,162,244,,,,,,,,,
11,18,1555,557,146,401,,,,,,,,,,,,,,,,,,184,362,,,,,,,,,
11,19,453,163,49,114,,,,,,,,,,,,,,,,,,53,110,,,,,,,,,
11,20,918,509,156,348,,,,,,,,,,,,,,,,,,197,311,,,,,,,,,
11,21,1405,837,147,687,,,,,,,,,,,,,,,,,,412,421,,,,,,,,,
11,22,1234,650,78,568,,,,,,,,,,,,,,,,,,448,198,,,,,,,,,
11,23,1124,637,101,532,,,,,,,,,,,,,,,,,,337,294,,,,,,,,,
12,1,756,307,126,181,,,,,,,,,,,,,,,,,,,,,,,,,,,,
12,2,759,216,81,135,,,,,,,,,,,,,,,,,,,,,,,,,,,,
12,3,901,398,199,199,,,,,,,,,,,,,,,,,,,,,,,,,,,,
12,4,864,323,154,168,,,,,,,,,,,,,,,,,,,,,,,,,,,,
12,5,1057,346,118,228,,,,,,,,,,,,,,,,,,,,,,,,,,,,
12,6,1093,290,110,179,,,,,,,,,,,,,,,,,,,,,,,,,,,,
12,7,966,267,87,180,,,,,,,,,,,,,,,,,,,,,,,,,,,,
12,8,849,279,86,193,,,,,,,,,,,,,,,,,,,,,,,,,,,,
12,9,454,156,59,97,,,,,,,,,,,,,,,,,,,,,,,,,,,,
12,10,1199,277,127,150,,,,,,,,,,,,,,,,,,,,,,,,,,,,
12,11,956,230,81,148,,,,,,,,,,,,,,,,,,,,,,,,,,,,
12,12,1003,190,67,123,,,,,,,,,,,,,,,,,,,,,,,,,,,,
12,13,900,249,104,145,,,,,,,,,,,,,,,,,,,,,,,,,,,,
12,14,973,240,117,122,,,,,,,,,,,,,,,,,,,,,,,,,,,,
12,15,1209,255,89,166,,,,,,,,,,,,,,,,,,,,,,,,,,,,
12,16,1232,295,114,181,,,,,,,,,,,,,,,,,,,,,,,,,,,,
12,17,1007,223,97,126,,,,,,,,,,,,,,,,,,,,,,,,,,,,
12,18,1253,248,107,141,,,,,,,,,,,,,,,,,,,,,,,,,,,,
12,19,627,177,68,109,,,,,,,,,,,,,,,,,,,,,,,,,,,,
12,20,1114,215,93,122,,,,,,,,,,,,,,,,,,,,,,,,,,,,
12,21,907,262,125,137,,,,,,,,,,,,,,,,,,,,,,,,,,,,
12,22,1016,178,77,101,,,,,,,,,,,,,,,,,,,,,,,,,,,,
13,1,736,222,55,167,,,,,,,,,,,,,,,,,,,,,,,,,,,,
13,2,896,272,76,196,,,,,,,,,,,,,,,,,,,,,,,,,,,,
13,3,845,514,53,461,,,,,,,,,,,,,,,,,,,,,,,,,,,,
13,4,1020,319,103,216,,,,,,,,,,,,,,,,,,,,,,,,,,,,
13,5,670,330,55,275,,,,,,,,,,,,,,,,,,,,,,,,,,,,
13,6,719,336,41,295,,,,,,,,,,,,,,,,,,,,,,,,,,,,
13,7,623,308,36,271,,,,,,,,,,,,,,,,,,,,,,,,,,,,
13,8,962,376,94,281,,,,,,,,,,,,,,,,,,,,,,,,,,,,
13,9,846,534,66,468,,,,,,,,,,,,,,,,,,,,,,,,,,,,
13,10,857,470,54,416,,,,,,,,,,,,,,,,,,,,,,,,,,,,
13,11,572,248,34,214,,,,,,,,,,,,,,,,,,,,,,,,,,,,
13,12,668,212,68,144,,,,,,,,,,,,,,,,,,,,,,,,,,,,
13,13,653,322,43,279,,,,,,,,,,,,,,,,,,,,,,,,,,,,
13,14,713,300,54,246,,,,,,,,,,,,,,,,,,,,,,,,,,,,
13,15,680,288,39,249,,,,,,,,,,,,,,,,,,,,,,,,,,,,
13,16,880,324,75,249,,,,,,,,,,,,,,,,,,,,,,,,,,,,
13,17,1144,350,100,250,,,,,,,,,,,,,,,,,,,,,,,,,,,,
13,18,717,224,64,160,,,,,,,,,,,,,,,,,,,,,,,,,,,,
13,19,550,230,36,193,,,,,,,,,,,,,,,,,,,,,,,,,,,,
13,20,818,408,49,359,,,,,,,,,,,,,,,,,,,,,,,,,,,,
13,21,706,322,62,259,,,,,,,,,,,,,,,,,,,,,,,,,,,,
13,22,1032,386,109,277,,,,,,,,,,,,,,,,,,,,,,,,,,,,
13,23,812,448,27,421,,,,,,,,,,,,,,,,,,,,,,,,,,,,
13,24,798,307,39,268,,,,,,,,,,,,,,,,,,,,,,,,,,,,
13,25,834,278,84,194,,,,,,,,,,,,,,,,,,,,,,,,,,,,
13,26,731,236,79,156,,,,,,,,,,,,,,,,,,,,,,,,,,,,
13,27,686,201,61,140,,,,,,,,,,,,,,,,,,,,,,,,,,,,
13,28,768,227,73,154,,,,,,,,,,,,,,,,,,,,,,,,,,,,
13,29,718,189,60,129,,,,,,,,,,,,,,,,,,,,,,,,,,,,
13,30,780,407,50,354,,,,,,,,,,,,,,,,,,,,,,,,,,,,
13,31,640,274,31,243,,,,,,,,,,,,,,,,,,,,,,,,,,,,
13,32,567,273,38,235,,,,,,,,,,,,,,,,,,,,,,,,,,,,
13,33,688,315,65,250,,,,,,,,,,,,,,,,,,,,,,,,,,,,
13,34,832,403,45,358,,,,,,,,,,,,,,,,,,,,,,,,,,,,
13,35,926,255,28,227,,,,,,,,,,,,,,,,,,,,,,,,,,,,
13,36,600,178,48,130,,,,,,,,,,,,,,,,,,,,,,,,,,,,
13,37,801,433,33,400,,,,,,,,,,,,,,,,,,,,,,,,,,,,
13,38,659,201,46,154,,,,,,,,,,,,,,,,,,,,,,,,,,,,
13,39,798,418,43,375,,,,,,,,,,,,,,,,,,,,,,,,,,,,
13,40,698,344,52,291,,,,,,,,,,,,,,,,,,,,,,,,,,,,
14,1,1657,363,171,192,,,,,,,,,,,,,,,,,,,,,,,,,,,,
14,2,1024,276,106,169,,,,,,,,,,,,,,,,,,,,,,,,,,,,
14,3,847,181,86,94,,,,,,,,,,,,,,,,,,,,,,,,,,,,
14,4,421,77,42,35,,,,,,,,,,,,,,,,,,,,,,,,,,,,
14,5,1532,255,117,138,,,,,,,,,,,,,,,,,,,,,,,,,,,,
14,6,1795,342,132,210,,,,,,,,,,,,,,,,,,,,,,,,,,,,
14,7,1482,378,110,268,,,,,,,,,,,,,,,,,,,,,,,,,,,,
14,8,1551,349,132,217,,,,,,,,,,,,,,,,,,,,,,,,,,,,
14,9,1769,343,139,203,,,,,,,,,,,,,,,,,,,,,,,,,,,,
14,10,1639,315,121,194,,,,,,,,,,,,,,,,,,,,,,,,,,,,
14,11,1816,373,157,216,,,,,,,,,,,,,,,,,,,,,,,,,,,,
14,12,1125,240,96,144,,,,,,,,,,,,,,,,,,,,,,,,,,,,
14,13,1610,406,147,259,,,,,,,,,,,,,,,,,,,,,,,,,,,,
14,14,967,205,98,106,,,,,,,,,,,,,,,,,,,,,,,,,,,,
14,15,956,185,94,90,,,,,,,,,,,,,,,,,,,,,,,,,,,,
15,1,745,367,39,328,,,,,,,,,,,,,,,,,,,,,,,,,,,,
15,2,978,447,50,397,,,,,,,,,,,,,,,,,,,,,,,,,,,,
15,3,469,158,25,133,,,,,,,,,,,,,,,,,,,,,,,,,,,,
15,4,1035,193,63,130,,,,,,,,,,,,,,,,,,,,,,,,,,,,
15,5,1145,181,94,87,,,,,,,,,,,,,,,,,,,,,,,,,,,,
15,6,1406,247,133,114,,,,,,,,,,,,,,,,,,,,,,,,,,,,
15,7,986,153,84,69,,,,,,,,,,,,,,,,,,,,,,,,,,,,
15,8,856,187,98,89,,,,,,,,,,,,,,,,,,,,,,,,,,,,
15,9,999,240,106,134,,,,,,,,,,,,,,,,,,,,,,,,,,,,
15,10,984,203,131,71,,,,,,,,,,,,,,,,,,,,,,,,,,,,
15,11,926,162,63,99,,,,,,,,,,,,,,,,,,,,,,,,,,,,
15,12,1213,231,104,126,,,,,,,,,,,,,,,,,,,,,,,,,,,,
15,13,1084,166,100,66,,,,,,,,,,,,,,,,,,,,,,,,,,,,
15,14,1011,146,90,56,,,,,,,,,,,,,,,,,,,,,,,,,,,,
15,15,1032,168,82,86,,,,,,,,,,,,,,,,,,,,,,,,,,,,
15,16,1389,265,153,112,,,,,,,,,,,,,,,,,,,,,,,,,,,,
15,17,1457,324,277,46,,,,,,,,,,,,,,,,,,,,,,,,,,,,
15,18,1116,237,192,44,,,,,,,,,,,,,,,,,,,,,,,,,,,,
15,19,867,129,103,26,,,,,,,,,,,,,,,,,,,,,,,,,,,,
15,20,1015,207,94,113,,,,,,,,,,,,,,,,,,,,,,,,,,,,
16,1,1421,275,235,40,,,,,,,,,,,,,,,,,,,,,,,,,,,,
16,2,901,186,136,50,,,,,,,,,,,,,,,,,,,,,,,,,,,,
16,3,1061,205,179,26,,,,,,,,,,,,,,,,,,,,,,,,,,,,
16,4,699,149,120,29,,,,,,,,,,,,,,,,,,,,,,,,,,,,
16,5,1620,331,278,53,,,,,,,,,,,,,,,,,,,,,,,,,,,,
16,6,1327,293,260,33,,,,,,,,,,,,,,,,,,,,,,,,,,,,
16,7,832,166,123,43,,,,,,,,,,,,,,,,,,,,,,,,,,,,
16,8,726,116,90,26,,,,,,,,,,,,,,,,,,,,,,,,,,,,
16,9,1328,307,249,57,,,,,,,,,,,,,,,,,,,,,,,,,,,,
16,10,1081,203,159,43,,,,,,,,,,,,,,,,,,,,,,,,,,,,
16,11,970,195,166,29,,,,,,,,,,,,,,,,,,,,,,,,,,,,
16,12,479,85,54,31,,,,,,,,,,,,,,,,,,,,,,,,,,,,
16,13,578,109,90,19,,,,,,,,,,,,,,,,,,,,,,,,,,,,
16,14,1611,268,218,48,,,,,,,,,,,,,,,,,,,,,,,,,,,,
16,15,1069,269,218,51,,,,,,,,,,,,,,,,,,,,,,,,,,,,
16,16,929,174,132,41,,,,,,,,,,,,,,,,,,,,,,,,,,,,
16,17,1786,346,259,87,,,,,,,,,,,,,,,,,,,,,,,,,,,,
16,18,1502,304,252,52,,,,,,,,,,,,,,,,,,,,,,,,,,,,
16,19,1200,223,164,58,,,,,,,,,,,,,,,,,,,,,,,,,,,,
16,20,1117,277,232,45,,,,,,,,,,,,,,,,,,,,,,,,,,,,
16,21,917,174,150,23,,,,,,,,,,,,,,,,,,,,,,,,,,,,
16,22,1185,233,197,36,,,,,,,,,,,,,,,,,,,,,,,,,,,,
16,23,1061,142,102,39,,,,,,,,,,,,,,,,,,,,,,,,,,,,
16,24,1020,180,151,29,,,,,,,,,,,,,,,,,,,,,,,,,,,,
16,25,469,106,89,17,,,,,,,,,,,,,,,,,,,,,,,,,,,,
17,1,1498,344,208,136,,,,,,,,,,,,,,,,,,,,,,,,,,,,
17,2,888,200,149,50,,,,,,,,,,,,,,,,,,,,,,,,,,,,
17,3,976,251,205,46,,,,,,,,,,,,,,,,,,,,,,,,,,,,
17,4,1087,235,200,35,,,,,,,,,,,,,,,,,,,,,,,,,,,,
17,5,658,150,128,21,,,,,,,,,,,,,,,,,,,,,,,,,,,,
17,6,1112,248,216,31,,,,,,,,,,,,,,,,,,,,,,,,,,,,
17,7,599,102,87,15,,,,,,,,,,,,,,,,,,,,,,,,,,,,
17,8,814,147,127,20,,,,,,,,,,,,,,,,,,,,,,,,,,,,
17,9,991,178,149,29,,,,,,,,,,,,,,,,,,,,,,,,,,,,
17,10,1514,362,283,79,,,,,,,,,,,,,,,,,,,,,,,,,,,,
17,11,1096,206,159,47,,,,,,,,,,,,,,,,,,,,,,,,,,,,
17,12,659,129,111,18,,,,,,,,,,,,,,,,,,,,,,,,,,,,
17,13,900,145,115,29,,,,,,,,,,,,,,,,,,,,,,,,,,,,
17,14,744,171,143,28,,,,,,,,,,,,,,,,,,,,,,,,,,,,
17,15,1709,452,368,83,,,,,,,,,,,,,,,,,,,,,,,,,,,,
17,16,837,225,182,42,,,,,,,,,,,,,,,,,,,,,,,,,,,,
17,17,856,187,148,39,,,,,,,,,,,,,,,,,,,,,,,,,,,,
17,18,1615,520,421,99,,,,,,,,,,,,,,,,,,,,,,,,,,,,
17,19,1361,311,259,52,,,,,,,,,,,,,,,,,,,,,,,,,,,,
17,20,1092,371,303,68,,,,,,,,,,,,,,,,,,,,,,,,,,,,
17,21,1349,427,332,95,,,,,,,,,,,,,,,,,,,,,,,,,,,,
17,22,1527,382,311,71,,,,,,,,,,,,,,,,,,,,,,,,,,,,
17,23,1018,267,205,59,,,,,,,,,,,,,,,,,,,,,,,,,,,,
17,24,1707,437,350,85,,,,,,,,,,,,,,,,,,,,,,,,,,,,
17,25,705,192,145,47,,,,,,,,,,,,,,,,,,,,,,,,,,,,
17,26,1149,363,306,57,,,,,,,,,,,,,,,,,,,,,,,,,,,,
17,27,1392,421,346,75,,,,,,,,,,,,,,,,,,,,,,,,,,,,
17,28,1715,456,369,87,,,,,,,,,,,,,,,,,,,,,,,,,,,,
17,29,1608,417,357,60,,,,,,,,,,,,,,,,,,,,,,,,,,,,
18,1,1525,548,455,93,,,,,,,,,,,,,,,,,,,,,,,,,,,,
18,2,1679,563,446,115,,,,,,,,,,,,,,,,,,,,,,,,,,,,
18,3,679,239,188,51,,,,,,,,,,,,,,,,,,,,,,,,,,,,
18,4,1125,412,315,96,,,,,,,,,,,,,,,,,,,,,,,,,,,,
18,5,1115,389,318,71,,,,,,,,,,,,,,,,,,,,,,,,,,,,
18,6,1547,652,497,154,,,,,,,,,,,,,,,,,,,,,,,,,,,,
18,7,1154,528,377,150,,,,,,,,,,,,,,,,,,,,,,,,,,,,
18,8,1890,746,542,204,,,,,,,,,,,,,,,,,,,,,,,,,,,,
18,9,1319,536,388,148,,,,,,,,,,,,,,,,,,,,,,,,,,,,
18,10,1632,736,497,239,,,,,,,,,,,,,,,,,,,,,,,,,,,,
18,11,1317,345,276,69,,,,,,,,,,,,,,,,,,,,,,,,,,,,
18,12,1507,579,439,140,,,,,,,,,,,,,,,,,,,,,,,,,,,,
18,13,1630,450,262,186,,,,,,,,,,,,,,,,,,,,,,,,,,,,
18,14,1250,364,271,91,,,,,,,,,,,,,,,,,,,,,,,,,,,,
18,15,982,263,198,65,,,,,,,,,,,,,,,,,,,,,,,,,,,,
18,16,1559,388,298,90,,,,,,,,,,,,,,,,,,,,,,,,,,,,
18,17,1043,297,192,105,,,,,,,,,,,,,,,,,,,,,,,,,,,,
18,18,1697,380,193,187,,,,,,,,,,,,,,,,,,,,,,,,,,,,
18,19,1108,360,230,130,,,,,,,,,,,,,,,,,,,,,,,,,,,,
18,20,1080,331,168,163,,,,,,,,,,,,,,,,,,,,,,,,,,,,
18,21,1352,419,309,110,,,,,,,,,,,,,,,,,,,,,,,,,,,,
18,22,1343,510,165,345,,,,,,,,,,,,,,,,,,,,,,,,,,,,
18,23,1814,591,183,408,,,,,,,,,,,,,,,,,,,,,,,,,,,,
18,24,1849,569,228,341,,,,,,,,,,,,,,,,,,,,,,,,,,,,
18,25,1243,315,100,215,,,,,,,,,,,,,,,,,,,,,,,,,,,,
18,26,1845,520,200,320,,,,,,,,,,,,,,,,,,,,,,,,,,,,
19,1,1429,915,134,781,,,,,,,,,,,,,,,,,,,,,,,,,,,,
19,2,1220,750,369,381,,,,,,,,,,,,,,,,,,,,,,,,,,,,
19,3,991,683,21,662,,,,,,,,,,,,,,,,,,,,,,,,,,,,
19,4,1001,656,31,625,,,,,,,,,,,,,,,,,,,,,,,,,,,,
19,5,944,628,240,386,,,,,,,,,,,,,,,,,,,,,,,,,,,,
19,6,1058,658,50,608,,,,,,,,,,,,,,,,,,,,,,,,,,,,
19,7,1372,885,133,750,,,,,,,,,,,,,,,,,,,,,,,,,,,,
19,8,1476,463,369,92,,,,,,,,,,,,,,,,,,,,,,,,,,,,
19,9,1126,434,300,133,,,,,,,,,,,,,,,,,,,,,,,,,,,,
19,10,930,568,197,371,,,,,,,,,,,,,,,,,,,,,,,,,,,,
19,11,954,536,68,468,,,,,,,,,,,,,,,,,,,,,,,,,,,,
19,12,1338,855,37,817,,,,,,,,,,,,,,,,,,,,,,,,,,,,
19,13,963,455,333,122,,,,,,,,,,,,,,,,,,,,,,,,,,,,
19,14,1259,642,288,352,,,,,,,,,,,,,,,,,,,,,,,,,,,,
19,15,821,543,37,506,,,,,,,,,,,,,,,,,,,,,,,,,,,,
19,16,922,627,37,590,,,,,,,,,,,,,,,,,,,,,,,,,,,,
19,17,886,586,60,526,,,,,,,,,,,,,,,,,,,,,,,,,,,,
19,18,897,578,27,551,,,,,,,,,,,,,,,,,,,,,,,,,,,,
19,19,1036,611,267,344,,,,,,,,,,,,,,,,,,,,,,,,,,,,
19,20,845,448,294,154,,,,,,,,,,,,,,,,,,,,,,,,,,,,
19,21,1519,934,58,875,,,,,,,,,,,,,,,,,,,,,,,,,,,,
19,22,987,626,189,437,,,,,,,,,,,,,,,,,,,,,,,,,,,,
19,23,1010,638,86,551,,,,,,,,,,,,,,,,,,,,,,,,,,,,
19,24,930,643,23,620,,,,,,,,,,,,,,,,,,,,,,,,,,,,
19,25,896,516,208,307,,,,,,,,,,,,,,,,,,,,,,,,,,,,
19,26,869,494,137,357,,,,,,,,,,,,,,,,,,,,,,,,,,,,
19,27,1400,687,457,229,,,,,,,,,,,,,,,,,,,,,,,,,,,,
19,28,1752,871,559,311,,,,,,,,,,,,,,,,,,,,,,,,,,,,
19,29,1292,766,60,706,,,,,,,,,,,,,,,,,,,,,,,,,,,,
19,30,975,652,26,626,,,,,,,,,,,,,,,,,,,,,,,,,,,,
19,31,1471,847,295,551,,,,,,,,,,,,,,,,,,,,,,,,,,,,
19,32,893,472,278,194,,,,,,,,,,,,,,,,,,,,,,,,,,,,
19,33,733,473,23,450,,,,,,,,,,,,,,,,,,,,,,,,,,,,
19,34,1523,1048,100,948,,,,,,,,,,,,,,,,,,,,,,,,,,,,
19,35,1008,624,161,463,,,,,,,,,,,,,,,,,,,,,,,,,,,,
19,36,878,505,124,381,,,,,,,,,,,,,,,,,,,,,,,,,,,,
20,1,1153,187,87,100,,,,,,,,,,,,,,,,,,,,,,,,,,,,
20,2,798,98,48,50,,,,,,,,,,,,,,,,,,,,,,,,,,,,
20,3,835,132,86,46,,,,,,,,,,,,,,,,,,,,,,,,,,,,
20,4,463,103,84,19,,,,,,,,,,,,,,,,,,,,,,,,,,,,
20,5,1154,195,160,35,,,,,,,,,,,,,,,,,,,,,,,,,,,,
20,6,607,131,105,26,,,,,,,,,,,,,,,,,,,,,,,,,,,,
20,7,719,171,134,37,,,,,,,,,,,,,,,,,,,,,,,,,,,,
20,8,885,198,158,39,,,,,,,,,,,,,,,,,,,,,,,,,,,,
20,9,1465,371,311,59,,,,,,,,,,,,,,,,,,,,,,,,,,,,
20,10,1739,386,330,56,,,,,,,,,,,,,,,,,,,,,,,,,,,,
20,11,1517,307,257,50,,,,,,,,,,,,,,,,,,,,,,,,,,,,
20,12,697,55,49,6,,,,,,,,,,,,,,,,,,,,,,,,,,,,
20,13,1588,595,490,105,,,,,,,,,,,,,,,,,,,,,,,,,,,,
20,14,1107,357,306,50,,,,,,,,,,,,,,,,,,,,,,,,,,,,
20,15,1221,267,229,38,,,,,,,,,,,,,,,,,,,,,,,,,,,,
20,16,1154,370,317,52,,,,,,,,,,,,,,,,,,,,,,,,,,,,
20,17,1245,393,314,78,,,,,,,,,,,,,,,,,,,,,,,,,,,,
20,18,1575,522,434,87,,,,,,,,,,,,,,,,,,,,,,,,,,,,
20,19,750,299,237,61,,,,,,,,,,,,,,,,,,,,,,,,,,,,
20,20,1074,394,329,65,,,,,,,,,,,,,,,,,,,,,,,,,,,,
20,21,1662,470,406,62,,,,,,,,,,,,,,,,,,,,,,,,,,,,
20,22,1860,413,337,75,,,,,,,,,,,,,,,,,,,,,,,,,,,,
20,23,665,182,151,31,,,,,,,,,,,,,,,,,,,,,,,,,,,,
21,1,1828,478,376,102,,,,230,,,,,,,,,,,,241,,,,,,,,,,,,
21,2,560,176,142,34,,,,107,,,,,,,,,,,,59,,,,,,,,,,,,
21,3,1599,523,427,93,,,,231,,,,,,,,,,,,283,,,,,,,,,,,,
21,4,1633,433,357,74,,,,214,,,,,,,,,,,,212,,,,,,,,,,,,
21,5,1850,471,386,81,,,,199,,,,,,,,,,,,249,,,,,,,,,,,,
21,6,1855,387,314,71,,,,188,,,,,,,,,,,,190,,,,,,,,,,,,
21,7,1827,562,463,98,,,,224,,,,,,,,,,,,332,,,,,,,,,,,,
21,8,1486,482,384,97,,,,265,,,,,,,,,,,,208,,,,,,,,,,,,
21,9,460,167,134,31,,,,70,,,,,,,,,,,,92,,,,,,,,,,,,
21,10,1687,512,423,89,,,,227,,,,,,,,,,,,271,,,,,,,,,,,,
21,11,1590,586,476,110,,,,183,,,,,,,,,,,,390,,,,,,,,,,,,
21,12,1105,227,190,37,,,,102,,,,,,,,,,,,119,,,,,,,,,,,,
21,13,1535,368,293,73,,,,196,,,,,,,,,,,,168,,,,,,,,,,,,
21,14,1591,609,506,101,,,,180,,,,,,,,,,,,416,,,,,,,,,,,,
21,15,1800,581,480,101,,,,235,,,,,,,,,,,,332,,,,,,,,,,,,
21,16,1506,524,445,74,,,,353,,,,,,,,,,,,160,,,,,,,,,,,,
21,17,1160,359,294,63,,,,179,,,,,,,,,,,,172,,,,,,,,,,,,
21,18,1624,560,465,94,,,,268,,,,,,,,,,,,276,,,,,,,,,,,,
21,19,1392,462,364,96,,,,249,,,,,,,,,,,,204,,,,,,,,,,,,
21,20,1047,394,318,75,,,,219,,,,,,,,,,,,164,,,,,,,,,,,,
21,21,1654,589,488,100,,,,343,,,,,,,,,,,,235,,,,,,,,,,,,
21,22,1716,626,506,119,,,,216,,,,,,,,,,,,401,,,,,,,,,,,,
21,23,1607,458,361,95,,,,271,,,,,,,,,,,,177,,,,,,,,,,,,
21,24,1407,396,310,85,,,,260,,,,,,,,,,,,130,,,,,,,,,,,,
21,25,1128,326,265,60,,,,201,,,,,,,,,,,,118,,,,,,,,,,,,
21,26,1318,379,310,67,,,,245,,,,,,,,,,,,122,,,,,,,,,,,,
21,27,1771,551,462,86,,,,371,,,,,,,,,,,,167,,,,,,,,,,,,
21,28,1620,510,404,104,,,,352,,,,,,,,,,,,148,,,,,,,,,,,,
21,29,1599,517,436,81,,,,359,,,,,,,,,,,,154,,,,,,,,,,,,
22,1,775,164,143,21,,,,,,,,,,,,,,,,,,,,,,,,,,,,
22,2,532,111,90,21,,,,,,,,,,,,,,,,,,,,,,,,,,,,
22,3,1037,218,121,97,,,,,,,,,,,,,,,,,,,,,,,,,,,,
22,4,834,139,86,53,,,,,,,,,,,,,,,,,,,,,,,,,,,,
22,5,1745,325,203,121,,,,,,,,,,,,,,,,,,,,,,,,,,,,
22,6,1082,184,106,77,,,,,,,,,,,,,,,,,,,,,,,,,,,,
22,7,1114,207,125,82,,,,,,,,,,,,,,,,,,,,,,,,,,,,
22,8,1172,210,108,102,,,,,,,,,,,,,,,,,,,,,,,,,,,,
22,9,1154,198,131,67,,,,,,,,,,,,,,,,,,,,,,,,,,,,
22,10,1172,292,160,130,,,,,,,,,,,,,,,,,,,,,,,,,,,,
22,11,1458,333,182,151,,,,,,,,,,,,,,,,,,,,,,,,,,,,
22,12,1011,189,107,82,,,,,,,,,,,,,,,,,,,,,,,,,,,,
22,13,1208,283,152,130,,,,,,,,,,,,,,,,,,,,,,,,,,,,
22,14,1134,244,138,106,,,,,,,,,,,,,,,,,,,,,,,,,,,,
22,15,668,123,54,67,,,,,,,,,,,,,,,,,,,,,,,,,,,,
22,16,1078,311,94,217,,,,,,,,,,,,,,,,,,,,,,,,,,,,
22,17,384,124,105,19,,,,,,,,,,,,,,,,,,,,,,,,,,,,
22,18,804,256,205,50,,,,,,,,,,,,,,,,,,,,,,,,,,,,
22,19,1370,412,136,275,,,,,,,,,,,,,,,,,,,,,,,,,,,,
23,1,563,322,28,293,,,,,,,,,,,,,,,,,,,,,,,,,,,,
23,2,986,537,51,485,,,,,,,,,,,,,,,,,,,,,,,,,,,,
23,3,597,345,33,312,,,,,,,,,,,,,,,,,,,,,,,,,,,,
23,4,437,266,33,232,,,,,,,,,,,,,,,,,,,,,,,,,,,,
23,5,749,467,33,434,,,,,,,,,,,,,,,,,,,,,,,,,,,,
23,6,456,259,27,232,,,,,,,,,,,,,,,,,,,,,,,,,,,,
23,7,692,356,46,310,,,,,,,,,,,,,,,,,,,,,,,,,,,,
23,8,708,341,41,300,,,,,,,,,,,,,,,,,,,,,,,,,,,,
23,9,1003,525,69,456,,,,,,,,,,,,,,,,,,,,,,,,,,,,
23,10,1131,479,78,401,,,,,,,,,,,,,,,,,,,,,,,,,,,,
23,11,633,208,61,147,,,,,,,,,,,,,,,,,,,,,,,,,,,,
23,12,876,296,64,231,,,,,,,,,,,,,,,,,,,,,,,,,,,,
23,13,1602,483,110,373,,,,,,,,,,,,,,,,,,,,,,,,,,,,
23,14,1329,363,93,269,,,,,,,,,,,,,,,,,,,,,,,,,,,,
23,15,1309,371,109,262,,,,,,,,,,,,,,,,,,,,,,,,,,,,
23,16,661,178,56,122,,,,,,,,,,,,,,,,,,,,,,,,,,,,
23,17,1034,246,110,136,,,,,,,,,,,,,,,,,,,,,,,,,,,,
23,18,825,231,80,151,,,,,,,,,,,,,,,,,,,,,,,,,,,,
23,19,736,159,47,112,,,,,,,,,,,,,,,,,,,,,,,,,,,,
23,20,636,160,64,96,,,,,,,,,,,,,,,,,,,,,,,,,,,,
23,21,646,154,55,99,,,,,,,,,,,,,,,,,,,,,,,,,,,,
23,22,670,173,47,125,,,,,,,,,,,,,,,,,,,,,,,,,,,,
23,23,704,169,49,120,,,,,,,,,,,,,,,,,,,,,,,,,,,,
23,24,717,165,65,100,,,,,,,,,,,,,,,,,,,,,,,,,,,,
23,25,507,154,37,116,,,,,,,,,,,,,,,,,,,,,,,,,,,,
23,26,507,123,53,70,,,,,,,,,,,,,,,,,,,,,,,,,,,,
23,27,680,135,51,84,,,,,,,,,,,,,,,,,,,,,,,,,,,,
23,28,825,189,66,123,,,,,,,,,,,,,,,,,,,,,,,,,,,,
23,29,982,229,72,157,,,,,,,,,,,,,,,,,,,,,,,,,,,,
23,30,832,175,55,119,,,,,,,,,,,,,,,,,,,,,,,,,,,,
23,31,779,194,59,135,,,,,,,,,,,,,,,,,,,,,,,,,,,,
23,32,589,169,47,122,,,,,,,,,,,,,,,,,,,,,,,,,,,,
23,33,1186,386,147,239,,,,,,,,,,,,,,,,,,,,,,,,,,,,
24,1,790,177,149,26,,,,,,,,,,,,,,,48,,,,,,,,,,,,118,
24,2,662,161,139,21,,,,,,,,,,,,,,,49,,,,,,,,,,,,111,
24,3,1396,318,275,42,,,,,,,,,,,,,,,100,,,,,,,,,,,,215,
24,4,1398,285,239,45,,,,,,,,,,,,,,,98,,,,,,,,,,,,180,
24,5,1984,503,425,76,,,,,,,,,,,,,,,210,,,,,,,,,,,,282,
24,6,1229,310,278,31,,,,,,,,,,,,,,,107,,,,,,,,,,,,199,
24,7,731,156,133,22,,,,,,,,,,,,,,,39,,,,,,,,,,,,116,
24,8,925,209,176,32,,,,,,,,,,,,,,,74,,,,,,,,,,,,131,
24,9,1628,376,321,53,,,,,,,,,,,,,,,171,,,,,,,,,,,,203,
24,10,1136,264,220,43,,,,,,,,,,,,,,,84,,,,,,,,,,,,176,
24,11,1512,352,298,51,,,,,,,,,,,,,,,99,,,,,,,,,,,,243,
24,12,2001,515,450,61,,,,,,,,,,,,,,,175,,,,,,,,,,,,328,
24,13,1629,324,267,55,,,,,,,,,,,,,,,107,,,,,,,,,,,,209,
24,14,1197,314,280,33,,,,,,,,,,,,,,,85,,,,,,,,,,,,220,
24,15,1185,200,174,24,,,,,,,,,,,,,,,48,,,,,,,,,,,,148,
24,16,561,122,91,30,,,,,,,,,,,,,,,38,,,,,,,,,,,,81,
24,17,1330,237,197,39,,,,,,,,,,,,,,,60,,,,,,,,,,,,170,
24,18,1663,423,313,110,,,,,,,,,,,,,,,150,,,,,,,,,,,,250,
24,19,3383,1071,860,199,,,,,,,,,,,,,,,274,,,,,,,,,,,,689,
24,20,1085,0,0,0,,,,,,,,,,,,,,,0,,,,,,,,,,,,0,
25,1,1649,281,149,132,,,,,,,,,,,,,,,,,,,,,,,,,,,,
25,2,1145,201,115,86,,,,,,,,,,,,,,,,,,,,,,,,,,,,
25,3,1172,303,211,91,,,,,,,,,,,,,,,,,,,,,,,,,,,,
25,4,1445,304,202,102,,,,,,,,,,,,,,,,,,,,,,,,,,,,
25,5,1605,470,324,146,,,,,,,,,,,,,,,,,,,,,,,,,,,,
25,6,1416,505,258,246,,,,,,,,,,,,,,,,,,,,,,,,,,,,
25,7,1635,521,340,180,,,,,,,,,,,,,,,,,,,,,,,,,,,,
25,8,1618,522,292,230,,,,,,,,,,,,,,,,,,,,,,,,,,,,
25,9,1629,491,328,162,,,,,,,,,,,,,,,,,,,,,,,,,,,,
25,10,1780,578,407,171,,,,,,,,,,,,,,,,,,,,,,,,,,,,
25,11,1487,503,316,187,,,,,,,,,,,,,,,,,,,,,,,,,,,,
25,12,1158,431,318,113,,,,,,,,,,,,,,,,,,,,,,,,,,,,
25,13,1552,560,325,235,,,,,,,,,,,,,,,,,,,,,,,,,,,,
25,14,1866,692,439,253,,,,,,,,,,,,,,,,,,,,,,,,,,,,
25,15,1092,466,176,290,,,,,,,,,,,,,,,,,,,,,,,,,,,,
25,16,1498,616,396,220,,,,,,,,,,,,,,,,,,,,,,,,,,,,
25,17,970,266,147,119,,,,,,,,,,,,,,,,,,,,,,,,,,,,
26,1,924,186,61,124,,,,,,,,,,,,,,,,,,,,,,,,,,,,
26,2,871,221,124,97,,,,,,,,,,,,,,,,,,,,,,,,,,,,
26,3,1007,409,333,76,,,,,,,,,,,,,,,,,,,,,,,,,,,,
26,4,1349,237,91,146,,,,,,,,,,,,,,,,,,,,,,,,,,,,
26,5,1048,333,228,104,,,,,,,,,,,,,,,,,,,,,,,,,,,,
26,6,647,209,129,80,,,,,,,,,,,,,,,,,,,,,,,,,,,,
26,7,993,334,248,86,,,,,,,,,,,,,,,,,,,,,,,,,,,,
26,8,1005,236,149,87,,,,,,,,,,,,,,,,,,,,,,,,,,,,
26,9,931,239,127,110,,,,,,,,,,,,,,,,,,,,,,,,,,,,
26,10,777,247,173,74,,,,,,,,,,,,,,,,,,,,,,,,,,,,
26,11,746,214,149,65,,,,,,,,,,,,,,,,,,,,,,,,,,,,
26,12,483,116,80,36,,,,,,,,,,,,,,,,,,,,,,,,,,,,
26,13,538,192,131,61,,,,,,,,,,,,,,,,,,,,,,,,,,,,
26,14,825,126,67,58,,,,,,,,,,,,,,,,,,,,,,,,,,,,
26,15,978,168,75,93,,,,,,,,,,,,,,,,,,,,,,,,,,,,
26,16,1275,399,262,136,,,,,,,,,,,,,,,,,,,,,,,,,,,,
26,17,900,355,244,111,,,,,,,,,,,,,,,,,,,,,,,,,,,,
26,18,887,157,60,97,,,,,,,,,,,,,,,,,,,,,,,,,,,,
26,19,1041,393,291,102,,,,,,,,,,,,,,,,,,,,,,,,,,,,
26,20,1247,406,291,115,,,,,,,,,,,,,,,,,,,,,,,,,,,,
26,21,903,156,76,80,,,,,,,,,,,,,,,,,,,,,,,,,,,,
26,22,969,181,94,87,,,,,,,,,,,,,,,,,,,,,,,,,,,,
26,23,1212,310,216,94,,,,,,,,,,,,,,,,,,,,,,,,,,,,
26,24,833,150,89,61,,,,,,,,,,,,,,,,,,,,,,,,,,,,
26,25,1195,343,251,92,,,,,,,,,,,,,,,,,,,,,,,,,,,,
26,26,1424,425,294,131,,,,,,,,,,,,,,,,,,,,,,,,,,,,
26,27,1409,418,278,140,,,,,,,,,,,,,,,,,,,,,,,,,,,,
26,28,1032,406,261,144,,,,,,,,,,,,,,,,,,,,,,,,,,,,
26,29,1448,366,223,143,,,,,,,,,,,,,,,,,,,,,,,,,,,,
26,30,558,191,145,46,,,,,,,,,,,,,,,,,,,,,,,,,,,,
26,31,1174,224,127,97,,,,,,,,,,,,,,,,,,,,,,,,,,,,
26,32,948,300,193,107,,,,,,,,,,,,,,,,,,,,,,,,,,,,
27,1,1242,405,180,225,,,,,,,,,,,,,,,,,,,,,,,,,,,,
27,2,1576,552,219,333,,,,,,,,,,,,,,,,,,,,,,,,,,,,
27,3,1297,290,232,58,,,,,,,,,,,,,,,,,,,,,,,,,,,,
27,4,1254,336,258,78,,,,,,,,,,,,,,,,,,,,,,,,,,,,
27,5,1390,256,206,50,,,,,,,,,,,,,,,,,,,,,,,,,,,,
27,6,1566,555,224,331,,,,,,,,,,,,,,,,,,,,,,,,,,,,
27,7,2037,664,377,287,,,,,,,,,,,,,,,,,,,,,,,,,,,,
27,8,1420,166,135,31,,,,,,,,,,,,,,,,,,,,,,,,,,,,
27,9,1535,536,274,260,,,,,,,,,,,,,,,,,,,,,,,,,,,,
27,10,1138,311,217,93,,,,,,,,,,,,,,,,,,,,,,,,,,,,
27,11,1415,474,165,309,,,,,,,,,,,,,,,,,,,,,,,,,,,,
27,12,981,380,194,186,,,,,,,,,,,,,,,,,,,,,,,,,,,,
27,13,1156,426,282,143,,,,,,,,,,,,,,,,,,,,,,,,,,,,
27,14,1253,310,251,59,,,,,,,,,,,,,,,,,,,,,,,,,,,,
27,15,1492,366,198,167,,,,,,,,,,,,,,,,,,,,,,,,,,,,
27,16,1797,478,175,303,,,,,,,,,,,,,,,,,,,,,,,,,,,,
27,17,695,182,139,43,,,,,,,,,,,,,,,,,,,,,,,,,,,,
27,18,1839,479,338,141,,,,,,,,,,,,,,,,,,,,,,,,,,,,
27,19,812,134,101,33,,,,,,,,,,,,,,,,,,,,,,,,,,,,
27,20,1071,258,187,71,,,,,,,,,,,,,,,,,,,,,,,,,,,,
27,21,572,218,107,111,,,,,,,,,,,,,,,,,,,,,,,,,,,,
27,22,1128,286,228,58,,,,,,,,,,,,,,,,,,,,,,,,,,,,
27,23,1141,249,215,34,,,,,,,,,,,,,,,,,,,,,,,,,,,,
27,24,849,145,106,39,,,,,,,,,,,,,,,,,,,,,,,,,,,,
27,25,1480,361,279,82,,,,,,,,,,,,,,,,,,,,,,,,,,,,
27,26,1353,388,328,60,,,,,,,,,,,,,,,,,,,,,,,,,,,,
27,27,1061,257,176,81,,,,,,,,,,,,,,,,,,,,,,,,,,,,
27,28,991,340,113,227,,,,,,,,,,,,,,,,,,,,,,,,,,,,
27,29,1730,564,244,320,,,,,,,,,,,,,,,,,,,,,,,,,,,,
28,1,1163,219,194,25,,,,,,,,,,,,,,,,,,,,,,,,,,,,
28,2,1116,206,181,25,,,,,,,,,,,,,,,,,,,,,,,,,,,,
28,3,335,62,44,18,,,,,,,,,,,,,,,,,,,,,,,,,,,,
28,4,1014,187,155,32,,,,,,,,,,,,,,,,,,,,,,,,,,,,
28,5,762,199,158,39,,,,,,,,,,,,,,,,,,,,,,,,,,,,
28,6,1393,341,280,60,,,,,,,,,,,,,,,,,,,,,,,,,,,,
28,7,935,174,142,30,,,,,,,,,,,,,,,,,,,,,,,,,,,,
28,8,1340,310,261,48,,,,,,,,,,,,,,,,,,,,,,,,,,,,
28,9,822,160,123,37,,,,,,,,,,,,,,,,,,,,,,,,,,,,
28,10,944,98,72,26,,,,,,,,,,,,,,,,,,,,,,,,,,,,
28,11,1443,417,280,137,,,,,,,,,,,,,,,,,,,,,,,,,,,,
28,12,1677,633,335,298,,,,,,,,,,,,,,,,,,,,,,,,,,,,
28,13,1211,456,163,293,,,,,,,,,,,,,,,,,,,,,,,,,,,,
28,14,1225,347,220,127,,,,,,,,,,,,,,,,,,,,,,,,,,,,
28,15,796,206,161,45,,,,,,,,,,,,,,,,,,,,,,,,,,,,
28,16,1752,450,318,131,,,,,,,,,,,,,,,,,,,,,,,,,,,,
28,17,1324,228,179,46,,,,,,,,,,,,,,,,,,,,,,,,,,,,
28,18,1050,271,240,31,,,,,,,,,,,,,,,,,,,,,,,,,,,,
28,19,1340,273,238,34,,,,,,,,,,,,,,,,,,,,,,,,,,,,
28,20,1049,0,0,0,,,,,,,,,,,,,,,,,,,,,,,,,,,,
28,21,1197,222,196,26,,,,,,,,,,,,,,,,,,,,,,,,,,,,
28,22,949,186,151,34,,,,,,,,,,,,,,,,,,,,,,,,,,,,
28,23,1210,273,233,39,,,,,,,,,,,,,,,,,,,,,,,,,,,,
28,24,847,196,168,28,,,,,,,,,,,,,,,,,,,,,,,,,,,,
28,25,2094,391,338,53,,,,,,,,,,,,,,,,,,,,,,,,,,,,
28,26,554,121,106,15,,,,,,,,,,,,,,,,,,,,,,,,,,,,
29,1,1593,581,111,468,,439,,,,,,,,,,,,,,,,,,,,,,,120,,,
29,2,1461,407,104,303,,282,,,,,,,,,,,,,,,,,,,,,,,105,,,
29,3,1338,347,98,247,,235,,,,,,,,,,,,,,,,,,,,,,,99,,,
29,4,996,421,138,283,,298,,,,,,,,,,,,,,,,,,,,,,,114,,,
29,5,838,391,163,227,,260,,,,,,,,,,,,,,,,,,,,,,,126,,,
29,6,907,0,0,0,,0,,,,,,,,,,,,,,,,,,,,,,,0,,,
29,7,1302,637,306,331,,382,,,,,,,,,,,,,,,,,,,,,,,246,,,
29,8,1741,817,483,333,,530,,,,,,,,,,,,,,,,,,,,,,,273,,,
29,9,950,330,262,68,,174,,,,,,,,,,,,,,,,,,,,,,,154,,,
29,10,1448,430,337,88,,178,,,,,,,,,,,,,,,,,,,,,,,247,,,
29,11,1220,355,290,65,,160,,,,,,,,,,,,,,,,,,,,,,,189,,,
29,12,1529,495,405,89,,185,,,,,,,,,,,,,,,,,,,,,,,300,,,
29,13,1601,463,376,85,,202,,,,,,,,,,,,,,,,,,,,,,,256,,,
29,14,1521,415,343,69,,154,,,,,,,,,,,,,,,,,,,,,,,253,,,
29,15,1539,376,338,38,,138,,,,,,,,,,,,,,,,,,,,,,,233,,,
29,16,1486,475,390,84,,243,,,,,,,,,,,,,,,,,,,,,,,228,,,
29,17,1029,308,252,54,,119,,,,,,,,,,,,,,,,,,,,,,,178,,,
29,18,1639,442,381,59,,181,,,,,,,,,,,,,,,,,,,,,,,249,,,
29,19,1808,461,390,69,,180,,,,,,,,,,,,,,,,,,,,,,,268,,,
29,20,1435,282,239,43,,110,,,,,,,,,,,,,,,,,,,,,,,165,,,
29,21,1263,395,250,144,,176,,,,,,,,,,,,,,,,,,,,,,,212,,,
29,22,1707,445,379,66,,150,,,,,,,,,,,,,,,,,,,,,,,290,,,
29,23,1720,437,361,73,,134,,,,,,,,,,,,,,,,,,,,,,,292,,,
29,24,1271,329,279,48,,98,,,,,,,,,,,,,,,,,,,,,,,225,,,
30,1,1495,477,129,347,,,,,,,244,,,,,,,,,,,,,221,,,,,,,,
30,2,1106,324,95,229,,,,,,,170,,,,,,,,,,,,,149,,,,,,,,
30,3,862,408,226,182,,,,,,,183,,,,,,,,,,,,,217,,,,,,,,
30,4,1105,385,119,265,,,,,,,184,,,,,,,,,,,,,192,,,,,,,,
30,5,1603,376,120,256,,,,,,,176,,,,,,,,,,,,,187,,,,,,,,
30,6,853,418,159,258,,,,,,,222,,,,,,,,,,,,,183,,,,,,,,
30,7,938,279,116,163,,,,,,,144,,,,,,,,,,,,,131,,,,,,,,
30,8,1307,479,303,174,,,,,,,219,,,,,,,,,,,,,250,,,,,,,,
30,9,1577,416,141,275,,,,,,,190,,,,,,,,,,,,,214,,,,,,,,
30,10,1028,374,167,206,,,,,,,185,,,,,,,,,,,,,170,,,,,,,,
30,11,1618,341,117,224,,,,,,,188,,,,,,,,,,,,,151,,,,,,,,
30,12,1774,434,157,275,,,,,,,241,,,,,,,,,,,,,186,,,,,,,,
30,13,1491,419,121,297,,,,,,,184,,,,,,,,,,,,,220,,,,,,,,
30,14,1268,374,137,237,,,,,,,172,,,,,,,,,,,,,191,,,,,,,,
30,15,1226,573,315,258,,,,,,,270,,,,,,,,,,,,,297,,,,,,,,
30,16,1095,309,70,237,,,,,,,160,,,,,,,,,,,,,137,,,,,,,,
30,17,1235,416,181,234,,,,,,,190,,,,,,,,,,,,,218,,,,,,,,
30,18,1190,345,189,156,,,,,,,125,,,,,,,,,,,,,210,,,,,,,,
30,19,879,275,119,156,,,,,,,123,,,,,,,,,,,,,147,,,,,,,,
30,20,852,282,123,157,,,,,,,136,,,,,,,,,,,,,138,,,,,,,,
30,21,1539,489,145,344,,,,,,,204,,,,,,,,,,,,,269,,,,,,,,
30,22,1043,472,228,240,,,,,,,263,,,,,,,,,,,,,201,,,,,,,,
30,23,893,477,252,224,,,,,,,226,,,,,,,,,,,,,233,,,,,,,,
30,24,1185,394,163,231,,,,,,,160,,,,,,,,,,,,,224,,,,,,,,
30,25,736,310,109,198,,,,,,,144,,,,,,,,,,,,,159,,,,,,,,
30,26,1388,538,345,193,,,,,,,227,,,,,,,,,,,,,295,,,,,,,,
31,1,1181,271,130,141,,,,,,,,,,,,,,,,,,,,,,,,,,,,
31,2,1409,439,307,132,,,,,,,,,,,,,,,,,,,,,,,,,,,,
31,3,1050,259,81,177,,,,,,,,,,,,,,,,,,,,,,,,,,,,
31,4,1005,309,221,88,,,,,,,,,,,,,,,,,,,,,,,,,,,,
31,5,1266,273,126,147,,,,,,,,,,,,,,,,,,,,,,,,,,,,
31,6,1005,234,94,140,,,,,,,,,,,,,,,,,,,,,,,,,,,,
31,7,982,275,105,170,,,,,,,,,,,,,,,,,,,,,,,,,,,,
31,8,1316,371,149,222,,,,,,,,,,,,,,,,,,,,,,,,,,,,
31,9,1057,221,91,130,,,,,,,,,,,,,,,,,,,,,,,,,,,,
31,10,1366,394,198,195,,,,,,,,,,,,,,,,,,,,,,,,,,,,
31,11,1343,353,124,229,,,,,,,,,,,,,,,,,,,,,,,,,,,,
31,12,1765,454,168,286,,,,,,,,,,,,,,,,,,,,,,,,,,,,
31,13,1224,281,132,149,,,,,,,,,,,,,,,,,,,,,,,,,,,,
31,14,1602,314,123,191,,,,,,,,,,,,,,,,,,,,,,,,,,,,
31,15,689,147,69,78,,,,,,,,,,,,,,,,,,,,,,,,,,,,
31,16,1167,179,70,109,,,,,,,,,,,,,,,,,,,,,,,,,,,,
31,17,1220,252,97,155,,,,,,,,,,,,,,,,,,,,,,,,,,,,
31,18,1017,294,123,171,,,,,,,,,,,,,,,,,,,,,,,,,,,,
31,19,1173,285,104,180,,,,,,,,,,,,,,,,,,,,,,,,,,,,
31,20,1443,271,94,177,,,,,,,,,,,,,,,,,,,,,,,,,,,,
31,21,1187,264,106,158,,,,,,,,,,,,,,,,,,,,,,,,,,,,
31,22,646,117,71,46,,,,,,,,,,,,,,,,,,,,,,,,,,,,
31,23,856,143,56,87,,,,,,,,,,,,,,,,,,,,,,,,,,,,
32,1,1930,934,410,524,,,,,,,,,,,,,,,,,,,,,,,,,,,,
32,2,1781,772,338,433,,,,,,,,,,,,,,,,,,,,,,,,,,,,
32,3,1257,556,226,330,,,,,,,,,,,,,,,,,,,,,,,,,,,,
32,4,1156,548,260,288,,,,,,,,,,,,,,,,,,,,,,,,,,,,
32,5,960,454,168,286,,,,,,,,,,,,,,,,,,,,,,,,,,,,
32,6,585,249,105,144,,,,,,,,,,,,,,,,,,,,,,,,,,,,
32,7,1351,602,222,378,,,,,,,,,,,,,,,,,,,,,,,,,,,,
32,8,840,387,155,231,,,,,,,,,,,,,,,,,,,,,,,,,,,,
32,9,852,441,130,311,,,,,,,,,,,,,,,,,,,,,,,,,,,,
32,10,1845,716,296,420,,,,,,,,,,,,,,,,,,,,,,,,,,,,
32,11,1056,439,147,292,,,,,,,,,,,,,,,,,,,,,,,,,,,,
32,12,628,260,61,199,,,,,,,,,,,,,,,,,,,,,,,,,,,,
32,13,416,178,40,138,,,,,,,,,,,,,,,,,,,,,,,,,,,,
32,14,1865,827,336,491,,,,,,,,,,,,,,,,,,,,,,,,,,,,
32,15,1848,881,194,687,,,,,,,,,,,,,,,,,,,,,,,,,,,,
32,16,926,0,0,0,,,,,,,,,,,,,,,,,,,,,,,,,,,,
32,17,1937,761,241,519,,,,,,,,,,,,,,,,,,,,,,,,,,,,
32,18,990,291,157,133,,,,,,,,,,,,,,,,,,,,,,,,,,,,
32,19,952,360,167,193,,,,,,,,,,,,,,,,,,,,,,,,,,,,
32,20,1675,774,207,566,,,,,,,,,,,,,,,,,,,,,,,,,,,,
32,21,1678,696,359,337,,,,,,,,,,,,,,,,,,,,,,,,,,,,
32,22,1606,671,360,311,,,,,,,,,,,,,,,,,,,,,,,,,,,,
32,23,1320,408,182,226,,,,,,,,,,,,,,,,,,,,,,,,,,,,
32,24,682,261,101,159,,,,,,,,,,,,,,,,,,,,,,,,,,,,
32,25,1512,499,212,287,,,,,,,,,,,,,,,,,,,,,,,,,,,,
32,26,1616,734,296,437,,,,,,,,,,,,,,,,,,,,,,,,,,,,
32,27,1634,663,317,346,,,,,,,,,,,,,,,,,,,,,,,,,,,,
32,28,487,214,77,137,,,,,,,,,,,,,,,,,,,,,,,,,,,,
32,29,1245,540,264,274,,,,,,,,,,,,,,,,,,,,,,,,,,,,
32,30,1575,613,322,291,,,,,,,,,,,,,,,,,,,,,,,,,,,,
33,1,1952,753,389,364,,,,,,,,,,,,,,,,,,,,,,,,,,,,
33,2,1873,833,499,333,,,,,,,,,,,,,,,,,,,,,,,,,,,,
33,3,1594,603,296,307,,,,,,,,,,,,,,,,,,,,,,,,,,,,
33,4,1949,784,455,329,,,,,,,,,,,,,,,,,,,,,,,,,,,,
33,5,1642,642,335,307,,,,,,,,,,,,,,,,,,,,,,,,,,,,
33,6,1805,633,351,282,,,,,,,,,,,,,,,,,,,,,,,,,,,,
33,7,1841,579,366,213,,,,,,,,,,,,,,,,,,,,,,,,,,,,
33,8,1230,497,297,200,,,,,,,,,,,,,,,,,,,,,,,,,,,,
33,9,1662,486,276,208,,,,,,,,,,,,,,,,,,,,,,,,,,,,
33,10,1541,460,332,128,,,,,,,,,,,,,,,,,,,,,,,,,,,,
33,11,1357,353,218,135,,,,,,,,,,,,,,,,,,,,,,,,,,,,
33,12,1817,612,444,168,,,,,,,,,,,,,,,,,,,,,,,,,,,,
33,13,1493,448,305,143,,,,,,,,,,,,,,,,,,,,,,,,,,,,
33,14,1627,658,457,201,,,,,,,,,,,,,,,,,,,,,,,,,,,,
33,15,1533,517,367,150,,,,,,,,,,,,,,,,,,,,,,,,,,,,
33,16,1295,705,399,306,,,,,,,,,,,,,,,,,,,,,,,,,,,,
33,17,1712,629,434,195,,,,,,,,,,,,,,,,,,,,,,,,,,,,
34,1,1273,440,208,232,,,,,,,,,,,,,,,,,,,,,,,,,,,,
34,2,704,316,123,190,,,,,,,,,,,,,,,,,,,,,,,,,,,,
34,3,1957,576,252,324,,,,,,,,,,,,,,,,,,,,,,,,,,,,
34,4,1032,443,161,281,,,,,,,,,,,,,,,,,,,,,,,,,,,,
34,5,1774,552,275,277,,,,,,,,,,,,,,,,,,,,,,,,,,,,
34,6,1250,440,155,285,,,,,,,,,,,,,,,,,,,,,,,,,,,,
34,7,585,218,56,162,,,,,,,,,,,,,,,,,,,,,,,,,,,,
34,8,1113,332,95,237,,,,,,,,,,,,,,,,,,,,,,,,,,,,
34,9,1977,717,204,513,,,,,,,,,,,,,,,,,,,,,,,,,,,,
34,10,853,240,74,166,,,,,,,,,,,,,,,,,,,,,,,,,,,,
34,11,1322,394,190,203,,,,,,,,,,,,,,,,,,,,,,,,,,,,
34,12,1195,377,133,244,,,,,,,,,,,,,,,,,,,,,,,,,,,,
34,13,1648,454,148,305,,,,,,,,,,,,,,,,,,,,,,,,,,,,
34,14,1582,555,138,417,,,,,,,,,,,,,,,,,,,,,,,,,,,,
34,15,1495,398,169,229,,,,,,,,,,,,,,,,,,,,,,,,,,,,
34,16,1931,572,302,270,,,,,,,,,,,,,,,,,,,,,,,,,,,,
34,17,1886,498,333,165,,,,,,,,,,,,,,,,,,,,,,,,,,,,
34,18,1783,534,280,253,,,,,,,,,,,,,,,,,,,,,,,,,,,,
34,19,1276,417,165,252,,,,,,,,,,,,,,,,,,,,,,,,,,,,
34,20,1621,561,177,384,,,,,,,,,,,,,,,,,,,,,,,,,,,,
35,1,900,135,57,78,,,,,,,,,,,,,,,,,,,,,,,,,,,,
35,2,1753,412,199,211,,,,,,,,,,,,,,,,,,,,,,,,,,,,
35,3,1132,279,168,111,,,,,,,,,,,,,,,,,,,,,,,,,,,,
35,4,1413,462,321,141,,,,,,,,,,,,,,,,,,,,,,,,,,,,
35,5,1705,655,496,158,,,,,,,,,,,,,,,,,,,,,,,,,,,,
35,6,2350,994,758,235,,,,,,,,,,,,,,,,,,,,,,,,,,,,
35,7,1960,649,455,194,,,,,,,,,,,,,,,,,,,,,,,,,,,,
35,8,879,408,268,140,,,,,,,,,,,,,,,,,,,,,,,,,,,,
35,9,1745,740,572,168,,,,,,,,,,,,,,,,,,,,,,,,,,,,
35,10,1384,450,346,104,,,,,,,,,,,,,,,,,,,,,,,,,,,,
35,11,1677,608,423,185,,,,,,,,,,,,,,,,,,,,,,,,,,,,
35,12,2166,801,619,182,,,,,,,,,,,,,,,,,,,,,,,,,,,,
35,13,1563,526,373,153,,,,,,,,,,,,,,,,,,,,,,,,,,,,
35,14,1318,440,320,120,,,,,,,,,,,,,,,,,,,,,,,,,,,,
35,15,1796,609,427,182,,,,,,,,,,,,,,,,,,,,,,,,,,,,
35,16,2135,822,600,221,,,,,,,,,,,,,,,,,,,,,,,,,,,,
35,17,1644,542,314,227,,,,,,,,,,,,,,,,,,,,,,,,,,,,
35,18,1072,341,219,122,,,,,,,,,,,,,,,,,,,,,,,,,,,,
35,19,1305,464,288,176,,,,,,,,,,,,,,,,,,,,,,,,,,,,
35,20,718,294,129,165,,,,,,,,,,,,,,,,,,,,,,,,,,,,
35,21,1375,509,267,242,,,,,,,,,,,,,,,,,,,,,,,,,,,,
35,22,1595,611,260,351,,,,,,,,,,,,,,,,,,,,,,,,,,,,
36,1,895,319,71,246,,,,,,,,,,,,,267,,,,,,,,,,,,,49,,
36,2,1138,353,84,268,,,,,,,,,,,,,294,,,,,,,,,,,,,55,,
36,3,827,276,66,209,,,,,,,,,,,,,210,,,,,,,,,,,,,64,,
36,4,1126,335,123,209,,,,,,,,,,,,,244,,,,,,,,,,,,,86,,
36,5,1084,290,88,202,,,,,,,,,,,,,227,,,,,,,,,,,,,63,,
36,6,853,239,87,150,,,,,,,,,,,,,174,,,,,,,,,,,,,61,,
36,7,852,191,71,119,,,,,,,,,,,,,127,,,,,,,,,,,,,59,,
36,8,470,164,65,98,,,,,,,,,,,,,131,,,,,,,,,,,,,32,,
36,9,1795,414,182,230,,,,,,,,,,,,,310,,,,,,,,,,,,,100,,
36,10,1726,302,142,160,,,,,,,,,,,,,207,,,,,,,,,,,,,85,,
36,11,1074,180,76,103,,,,,,,,,,,,,114,,,,,,,,,,,,,62,,
36,12,771,153,72,81,,,,,,,,,,,,,110,,,,,,,,,,,,,41,,
36,13,502,93,43,49,,,,,,,,,,,,,52,,,,,,,,,,,,,38,,
36,14,1334,273,152,121,,,,,,,,,,,,,157,,,,,,,,,,,,,113,,
36,15,689,133,75,58,,,,,,,,,,,,,56,,,,,,,,,,,,,74,,
36,16,574,114,74,40,,,,,,,,,,,,,66,,,,,,,,,,,,,45,,
36,17,1166,377,260,116,,,,,,,,,,,,,106,,,,,,,,,,,,,258,,
36,18,1156,401,278,123,,,,,,,,,,,,,118,,,,,,,,,,,,,273,,
36,19,1671,583,401,181,,,,,,,,,,,,,212,,,,,,,,,,,,,353,,
36,20,1548,621,394,226,,,,,,,,,,,,,243,,,,,,,,,,,,,362,,
36,21,1008,498,205,291,,,,,,,,,,,,,285,,,,,,,,,,,,,207,,
36,22,1284,567,354,213,,,,,,,,,,,,,247,,,,,,,,,,,,,298,,
36,23,1152,529,255,273,,,,,,,,,,,,,298,,,,,,,,,,,,,213,,
36,24,1274,471,244,226,,,,,,,,,,,,,231,,,,,,,,,,,,,223,,
36,25,1438,520,258,262,,,,,,,,,,,,,293,,,,,,,,,,,,,218,,
36,26,1327,524,286,238,,,,,,,,,,,,,258,,,,,,,,,,,,,247,,
36,27,1551,579,270,309,,,,,,,,,,,,,346,,,,,,,,,,,,,218,,
37,1,1622,273,241,31,,,,,,,,,,,,,,,,,,,,,,,,,,,,
37,2,1490,256,171,85,,,,,,,,,,,,,,,,,,,,,,,,,,,,
37,3,1424,298,247,50,,,,,,,,,,,,,,,,,,,,,,,,,,,,
37,4,1229,361,298,61,,,,,,,,,,,,,,,,,,,,,,,,,,,,
37,5,1144,233,200,33,,,,,,,,,,,,,,,,,,,,,,,,,,,,
37,6,1699,496,417,78,,,,,,,,,,,,,,,,,,,,,,,,,,,,
37,7,1423,293,214,79,,,,,,,,,,,,,,,,,,,,,,,,,,,,
37,8,1701,432,363,69,,,,,,,,,,,,,,,,,,,,,,,,,,,,
37,9,839,160,132,27,,,,,,,,,,,,,,,,,,,,,,,,,,,,
37,10,1074,284,218,66,,,,,,,,,,,,,,,,,,,,,,,,,,,,
37,11,1274,282,248,33,,,,,,,,,,,,,,,,,,,,,,,,,,,,
37,12,1634,396,324,72,,,,,,,,,,,,,,,,,,,,,,,,,,,,
37,13,1239,209,168,41,,,,,,,,,,,,,,,,,,,,,,,,,,,,
37,14,1553,413,341,71,,,,,,,,,,,,,,,,,,,,,,,,,,,,
37,15,1519,407,319,88,,,,,,,,,,,,,,,,,,,,,,,,,,,,
37,16,1566,420,320,99,,,,,,,,,,,,,,,,,,,,,,,,,,,,
37,17,1137,237,203,34,,,,,,,,,,,,,,,,,,,,,,,,,,,,
37,18,1354,310,255,55,,,,,,,,,,,,,,,,,,,,,,,,,,,,
37,19,1336,242,172,70,,,,,,,,,,,,,,,,,,,,,,,,,,,,
37,20,1785,397,337,58,,,,,,,,,,,,,,,,,,,,,,,,,,,,
37,21,1152,248,180,68,,,,,,,,,,,,,,,,,,,,,,,,,,,,
37,22,1411,334,235,99,,,,,,,,,,,,,,,,,,,,,,,,,,,,
38,1,1661,926,48,877,,,,,,,,,,,,,,,,,,,,,,,,,,,,
38,2,929,408,40,368,,,,,,,,,,,,,,,,,,,,,,,,,,,,
38,3,1315,565,71,494,,,,,,,,,,,,,,,,,,,,,,,,,,,,
38,4,1181,463,40,423,,,,,,,,,,,,,,,,,,,,,,,,,,,,
38,5,1640,720,90,630,,,,,,,,,,,,,,,,,,,,,,,,,,,,
38,6,1137,441,59,382,,,,,,,,,,,,,,,,,,,,,,,,,,,,
38,7,1431,540,94,445,,,,,,,,,,,,,,,,,,,,,,,,,,,,
38,8,1185,480,62,418,,,,,,,,,,,,,,,,,,,,,,,,,,,,
38,9,1280,435,80,355,,,,,,,,,,,,,,,,,,,,,,,,,,,,
38,10,1190,397,47,350,,,,,,,,,,,,,,,,,,,,,,,,,,,,
38,11,1255,534,77,457,,,,,,,,,,,,,,,,,,,,,,,,,,,,
38,12,1790,687,97,590,,,,,,,,,,,,,,,,,,,,,,,,,,,,
38,13,1039,342,62,280,,,,,,,,,,,,,,,,,,,,,,,,,,,,
38,14,1172,471,78,393,,,,,,,,,,,,,,,,,,,,,,,,,,,,
38,15,1272,384,67,317,,,,,,,,,,,,,,,,,,,,,,,,,,,,
38,16,1810,669,155,512,,,,,,,,,,,,,,,,,,,,,,,,,,,,
38,17,1337,585,150,435,,,,,,,,,,,,,,,,,,,,,,,,,,,,
38,18,1769,594,176,418,,,,,,,,,,,,,,,,,,,,,,,,,,,,
38,19,1793,616,161,455,,,,,,,,,,,,,,,,,,,,,,,,,,,,
38,20,1595,542,151,391,,,,,,,,,,,,,,,,,,,,,,,,,,,,
38,21,1778,672,240,431,,,,,,,,,,,,,,,,,,,,,,,,,,,,
38,22,1237,429,136,292,,,,,,,,,,,,,,,,,,,,,,,,,,,,
38,23,1680,658,225,433,,,,,,,,,,,,,,,,,,,,,,,,,,,,
38,24,1639,640,173,466,,,,,,,,,,,,,,,,,,,,,,,,,,,,
38,25,1675,729,293,436,,,,,,,,,,,,,,,,,,,,,,,,,,,,
39,1,1022,569,112,457,,,,,,,,,,,,,,,,,,,,,,,,,,,,
39,2,670,349,82,266,,,,,,,,,,,,,,,,,,,,,,,,,,,,
39,3,803,389,184,205,,,,,,,,,,,,,,,,,,,,,,,,,,,,
39,4,1055,585,128,457,,,,,,,,,,,,,,,,,,,,,,,,,,,,
39,5,863,353,150,203,,,,,,,,,,,,,,,,,,,,,,,,,,,,
39,6,827,273,116,157,,,,,,,,,,,,,,,,,,,,,,,,,,,,
39,7,701,281,116,165,,,,,,,,,,,,,,,,,,,,,,,,,,,,
39,8,882,296,114,182,,,,,,,,,,,,,,,,,,,,,,,,,,,,
39,9,811,251,87,164,,,,,,,,,,,,,,,,,,,,,,,,,,,,
39,10,895,358,213,145,,,,,,,,,,,,,,,,,,,,,,,,,,,,
39,11,764,297,102,195,,,,,,,,,,,,,,,,,,,,,,,,,,,,
39,12,1839,462,205,257,,,,,,,,,,,,,,,,,,,,,,,,,,,,
39,13,1475,669,291,378,,,,,,,,,,,,,,,,,,,,,,,,,,,,
39,14,1624,863,114,747,,,,,,,,,,,,,,,,,,,,,,,,,,,,
39,15,1367,515,250,265,,,,,,,,,,,,,,,,,,,,,,,,,,,,
39,16,803,340,153,187,,,,,,,,,,,,,,,,,,,,,,,,,,,,
39,17,1684,847,154,693,,,,,,,,,,,,,,,,,,,,,,,,,,,,
39,18,816,350,55,295,,,,,,,,,,,,,,,,,,,,,,,,,,,,
39,19,1987,638,362,276,,,,,,,,,,,,,,,,,,,,,,,,,,,,
39,20,905,505,108,397,,,,,,,,,,,,,,,,,,,,,,,,,,,,
39,21,1858,513,269,244,,,,,,,,,,,,,,,,,,,,,,,,,,,,
39,22,811,328,66,262,,,,,,,,,,,,,,,,,,,,,,,,,,,,
39,23,119,72,17,55,,,,,,,,,,,,,,,,,,,,,,,,,,,,
39,24,889,418,235,182,,,,,,,,,,,,,,,,,,,,,,,,,,,,
39,25,1082,266,189,77,,,,,,,,,,,,,,,,,,,,,,,,,,,,
39,26,835,244,112,131,,,,,,,,,,,,,,,,,,,,,,,,,,,,
39,27,909,299,81,218,,,,,,,,,,,,,,,,,,,,,,,,,,,,
39,28,889,324,162,162,,,,,,,,,,,,,,,,,,,,,,,,,,,,
39,29,248,143,31,112,,,,,,,,,,,,,,,,,,,,,,,,,,,,
39,30,596,277,77,198,,,,,,,,,,,,,,,,,,,,,,,,,,,,
39,31,847,378,83,295,,,,,,,,,,,,,,,,,,,,,,,,,,,,
39,32,1558,877,224,652,,,,,,,,,,,,,,,,,,,,,,,,,,,,
39,33,562,325,81,244,,,,,,,,,,,,,,,,,,,,,,,,,,,,
39,34,672,394,71,323,,,,,,,,,,,,,,,,,,,,,,,,,,,,
39,35,1378,592,220,372,,,,,,,,,,,,,,,,,,,,,,,,,,,,
40,1,1136,482,248,234,,,,,,,,,,,,,,,,,,,,,,,,,,,,
40,2,1812,486,314,170,,,,,,,,,,,,,,,,,,,,,,,,,,,,
40,3,1650,456,255,201,,,,,,,,,,,,,,,,,,,,,,,,,,,,
40,4,1600,465,213,251,,,,,,,,,,,,,,,,,,,,,,,,,,,,
40,5,1496,404,198,204,,,,,,,,,,,,,,,,,,,,,,,,,,,,
40,6,1607,399,229,170,,,,,,,,,,,,,,,,,,,,,,,,,,,,
40,7,1301,479,291,188,,,,,,,,,,,,,,,,,,,,,,,,,,,,
40,8,1075,339,127,210,,,,,,,,,,,,,,,,,,,,,,,,,,,,
40,9,1821,518,252,266,,,,,,,,,,,,,,,,,,,,,,,,,,,,
40,10,1844,851,510,341,,,,,,,,,,,,,,,,,,,,,,,,,,,,
40,11,1913,630,229,400,,,,,,,,,,,,,,,,,,,,,,,,,,,,
40,12,1604,578,320,258,,,,,,,,,,,,,,,,,,,,,,,,,,,,
40,13,1132,546,372,173,,,,,,,,,,,,,,,,,,,,,,,,,,,,
40,14,1696,807,575,232,,,,,,,,,,,,,,,,,,,,,,,,,,,,
40,15,1134,550,369,181,,,,,,,,,,,,,,,,,,,,,,,,,,,,
40,16,1119,542,377,165,,,,,,,,,,,,,,,,,,,,,,,,,,,,
40,17,1261,607,351,256,,,,,,,,,,,,,,,,,,,,,,,,,,,,
40,18,1507,662,394,268,,,,,,,,,,,,,,,,,,,,,,,,,,,,
40,19,1249,613,373,239,,,,,,,,,,,,,,,,,,,,,,,,,,,,
40,20,1310,683,396,287,,,,,,,,,,,,,,,,,,,,,,,,,,,,
40,21,1257,617,432,185,,,,,,,,,,,,,,,,,,,,,,,,,,,,
40,22,1670,797,547,250,,,,,,,,,,,,,,,,,,,,,,,,,,,,
40,23,1569,869,567,302,,,,,,,,,,,,,,,,,,,,,,,,,,,,
41,1,1774,469,48,420,,,,,,,,,,,,,,,,,,,,,,,,,,,,
41,2,964,236,41,193,,,,,,,,,,,,,,,,,,,,,,,,,,,,
41,3,1390,268,28,240,,,,,,,,,,,,,,,,,,,,,,,,,,,,
41,4,1032,530,27,503,,,,,,,,,,,,,,,,,,,,,,,,,,,,
41,5,924,546,69,477,,,,,,,,,,,,,,,,,,,,,,,,,,,,
41,6,1016,546,68,478,,,,,,,,,,,,,,,,,,,,,,,,,,,,
41,7,772,432,60,371,,,,,,,,,,,,,,,,,,,,,,,,,,,,
41,8,870,404,66,338,,,,,,,,,,,,,,,,,,,,,,,,,,,,
41,9,1734,839,129,710,,,,,,,,,,,,,,,,,,,,,,,,,,,,
41,10,1432,682,95,587,,,,,,,,,,,,,,,,,,,,,,,,,,,,
41,11,941,505,114,391,,,,,,,,,,,,,,,,,,,,,,,,,,,,
41,12,721,335,20,315,,,,,,,,,,,,,,,,,,,,,,,,,,,,
41,13,1703,730,125,604,,,,,,,,,,,,,,,,,,,,,,,,,,,,
41,14,1858,835,120,715,,,,,,,,,,,,,,,,,,,,,,,,,,,,
41,15,1812,1081,134,947,,,,,,,,,,,,,,,,,,,,,,,,,,,,
41,16,630,353,37,316,,,,,,,,,,,,,,,,,,,,,,,,,,,,
41,17,522,267,33,234,,,,,,,,,,,,,,,,,,,,,,,,,,,,
41,18,1493,727,97,626,,,,,,,,,,,,,,,,,,,,,,,,,,,,
41,19,713,381,52,328,,,,,,,,,,,,,,,,,,,,,,,,,,,,
41,20,763,425,67,358,,,,,,,,,,,,,,,,,,,,,,,,,,,,
41,21,697,424,55,369,,,,,,,,,,,,,,,,,,,,,,,,,,,,
41,22,651,346,43,303,,,,,,,,,,,,,,,,,,,,,,,,,,,,
41,23,832,471,74,396,,,,,,,,,,,,,,,,,,,,,,,,,,,,
41,24,1517,814,83,731,,,,,,,,,,,,,,,,,,,,,,,,,,,,
41,25,1196,689,85,603,,,,,,,,,,,,,,,,,,,,,,,,,,,,
41,26,1561,796,110,686,,,,,,,,,,,,,,,,,,,,,,,,,,,,
41,27,1075,626,84,542,,,,,,,,,,,,,,,,,,,,,,,,,,,,
41,28,1826,947,138,808,,,,,,,,,,,,,,,,,,,,,,,,,,,,
41,29,1668,1074,102,972,,,,,,,,,,,,,,,,,,,,,,,,,,,,
41,30,1470,868,69,798,,,,,,,,,,,,,,,,,,,,,,,,,,,,
41,31,1257,790,61,729,,,,,,,,,,,,,,,,,,,,,,,,,,,,
42,1,621,308,65,243,,,,,,,,,,,,,,,,,,,,,,,,,,,,
42,2,661,227,68,159,,,,,,,,,,,,,,,,,,,,,,,,,,,,
42,3,1763,679,182,497,,,,,,,,,,,,,,,,,,,,,,,,,,,,
42,4,1440,643,141,501,,,,,,,,,,,,,,,,,,,,,,,,,,,,
42,5,1686,836,239,594,,,,,,,,,,,,,,,,,,,,,,,,,,,,
42,6,673,418,79,339,,,,,,,,,,,,,,,,,,,,,,,,,,,,
42,7,1293,540,119,421,,,,,,,,,,,,,,,,,,,,,,,,,,,,
42,8,945,324,104,219,,,,,,,,,,,,,,,,,,,,,,,,,,,,
42,9,1658,626,113,513,,,,,,,,,,,,,,,,,,,,,,,,,,,,
42,10,1180,427,102,324,,,,,,,,,,,,,,,,,,,,,,,,,,,,
42,11,1438,321,169,152,,,,,,,,,,,,,,,,,,,,,,,,,,,,
42,12,1071,357,91,266,,,,,,,,,,,,,,,,,,,,,,,,,,,,
42,13,558,260,99,161,,,,,,,,,,,,,,,,,,,,,,,,,,,,
42,14,465,177,58,119,,,,,,,,,,,,,,,,,,,,,,,,,,,,
42,15,648,189,63,126,,,,,,,,,,,,,,,,,,,,,,,,,,,,
42,16,1817,577,156,421,,,,,,,,,,,,,,,,,,,,,,,,,,,,
42,17,1928,687,175,512,,,,,,,,,,,,,,,,,,,,,,,,,,,,
42,18,1396,342,87,255,,,,,,,,,,,,,,,,,,,,,,,,,,,,
42,19,1724,552,132,420,,,,,,,,,,,,,,,,,,,,,,,,,,,,
42,20,1690,627,100,527,,,,,,,,,,,,,,,,,,,,,,,,,,,,
42,21,1932,627,155,472,,,,,,,,,,,,,,,,,,,,,,,,,,,,
42,22,1737,605,183,422,,,,,,,,,,,,,,,,,,,,,,,,,,,,
42,23,1702,720,124,596,,,,,,,,,,,,,,,,,,,,,,,,,,,,
42,24,1742,764,132,632,,,,,,,,,,,,,,,,,,,,,,,,,,,,
43,1,1410,719,102,615,,,,,,,,,,,,350,,,,,342,,,,,,,,,,,
43,2,1938,790,170,619,,,,,,,,,,,,374,,,,,371,,,,,,,,,,,
43,3,606,310,49,260,,,,,,,,,,,,153,,,,,145,,,,,,,,,,,
43,4,1144,547,180,363,,,,,,,,,,,,268,,,,,256,,,,,,,,,,,
43,5,1680,813,268,542,,,,,,,,,,,,438,,,,,335,,,,,,,,,,,
43,6,2016,965,329,635,,,,,,,,,,,,493,,,,,424,,,,,,,,,,,
43,7,1961,847,375,471,,,,,,,,,,,,478,,,,,325,,,,,,,,,,,
43,8,1746,715,346,366,,,,,,,,,,,,391,,,,,293,,,,,,,,,,,
43,9,2134,954,358,596,,,,,,,,,,,,470,,,,,446,,,,,,,,,,,
43,10,1491,674,186,486,,,,,,,,,,,,353,,,,,301,,,,,,,,,,,
43,11,938,456,162,293,,,,,,,,,,,,243,,,,,191,,,,,,,,,,,
43,12,1877,881,234,644,,,,,,,,,,,,485,,,,,353,,,,,,,,,,,
43,13,1277,646,140,506,,,,,,,,,,,,332,,,,,306,,,,,,,,,,,
43,14,826,380,105,273,,,,,,,,,,,,175,,,,,192,,,,,,,,,,,
43,15,1721,864,261,600,,,,,,,,,,,,481,,,,,363,,,,,,,,,,,
43,16,700,329,102,226,,,,,,,,,,,,160,,,,,153,,,,,,,,,,,
43,17,1766,716,275,440,,,,,,,,,,,,328,,,,,364,,,,,,,,,,,
43,18,1985,776,306,470,,,,,,,,,,,,361,,,,,394,,,,,,,,,,,
43,19,2014,870,254,616,,,,,,,,,,,,392,,,,,452,,,,,,,,,,,
43,20,1499,754,217,537,,,,,,,,,,,,349,,,,,391,,,,,,,,,,,
43,21,764,377,116,260,,,,,,,,,,,,130,,,,,235,,,,,,,,,,,
43,22,2036,922,266,654,,,,,,,,,,,,443,,,,,454,,,,,,,,,,,
43,23,1254,675,175,497,,,,,,,,,,,,308,,,,,340,,,,,,,,,,,
44,1,1764,710,395,314,,,,,,,,,,,,,,,,,,,,,,,,,,,,
44,2,1355,585,206,379,,,,,,,,,,,,,,,,,,,,,,,,,,,,
44,3,1429,765,256,509,,,,,,,,,,,,,,,,,,,,,,,,,,,,
44,4,1912,959,317,637,,,,,,,,,,,,,,,,,,,,,,,,,,,,
44,5,1412,638,400,238,,,,,,,,,,,,,,,,,,,,,,,,,,,,
44,6,1454,605,350,255,,,,,,,,,,,,,,,,,,,,,,,,,,,,
44,7,1611,674,411,262,,,,,,,,,,,,,,,,,,,,,,,,,,,,
44,8,1651,600,343,256,,,,,,,,,,,,,,,,,,,,,,,,,,,,
44,9,2074,1004,427,577,,,,,,,,,,,,,,,,,,,,,,,,,,,,
44,10,1965,902,412,490,,,,,,,,,,,,,,,,,,,,,,,,,,,,
44,11,1647,668,304,364,,,,,,,,,,,,,,,,,,,,,,,,,,,,
44,12,1700,865,422,443,,,,,,,,,,,,,,,,,,,,,,,,,,,,
44,13,1824,798,459,339,,,,,,,,,,,,,,,,,,,,,,,,,,,,
44,14,1721,764,425,339,,,,,,,,,,,,,,,,,,,,,,,,,,,,
44,15,1871,866,464,402,,,,,,,,,,,,,,,,,,,,,,,,,,,,
44,16,1962,889,423,466,,,,,,,,,,,,,,,,,,,,,,,,,,,,
44,17,1997,850,452,398,,,,,,,,,,,,,,,,,,,,,,,,,,,,
44,18,1404,566,325,241,,,,,,,,,,,,,,,,,,,,,,,,,,,,
44,19,2034,864,470,394,,,,,,,,,,,,,,,,,,,,,,,,,,,,
44,20,1125,504,286,218,,,,,,,,,,,,,,,,,,,,,,,,,,,,
44,21,1943,861,481,379,,,,,,,,,,,,,,,,,,,,,,,,,,,,
45,1,1802,1046,162,882,,,,,,,,,,,,,,,,,,,,,354,,,,,,,687
45,2,891,550,88,461,,,,,,,,,,,,,,,,,,,,,229,,,,,,,320
45,3,601,344,47,295,,,,,,,,,,,,,,,,,,,,,107,,,,,,,233
45,4,589,386,67,316,,,,,,,,,,,,,,,,,,,,,174,,,,,,,206
45,5,1051,558,134,422,,,,,,,,,,,,,,,,,,,,,261,,,,,,,291
45,6,1114,632,113,518,,,,,,,,,,,,,,,,,,,,,221,,,,,,,409
45,7,1236,677,146,527,,,,,,,,,,,,,,,,,,,,,165,,,,,,,509
45,8,1192,574,122,450,,,,,,,,,,,,,,,,,,,,,175,,,,,,,394
45,9,1391,570,133,432,,,,,,,,,,,,,,,,,,,,,190,,,,,,,376
45,10,1256,581,130,448,,,,,,,,,,,,,,,,,,,,,167,,,,,,,413
45,11,1586,756,151,603,,,,,,,,,,,,,,,,,,,,,230,,,,,,,522
45,12,1178,463,155,308,,,,,,,,,,,,,,,,,,,,,200,,,,,,,259
45,13,1270,721,222,497,,,,,,,,,,,,,,,,,,,,,320,,,,,,,394
45,14,1047,419,108,309,,,,,,,,,,,,,,,,,,,,,156,,,,,,,258
45,15,1162,468,183,285,,,,,,,,,,,,,,,,,,,,,243,,,,,,,220
45,16,1229,563,203,358,,,,,,,,,,,,,,,,,,,,,280,,,,,,,281
45,17,1578,676,167,508,,,,,,,,,,,,,,,,,,,,,223,,,,,,,449
45,18,1566,626,176,448,,,,,,,,,,,,,,,,,,,,,272,,,,,,,345
45,19,1138,378,116,261,,,,,,,,,,,,,,,,,,,,,189,,,,,,,183
45,20,1420,546,209,336,,,,,,,,,,,,,,,,,,,,,261,,,,,,,279
45,21,1298,442,123,318,,,,,,,,,,,,,,,,,,,,,177,,,,,,,262
45,22,1121,549,245,302,,,,,,,,,,,,,,,,,,,,,328,,,,,,,217
45,23,1350,592,224,367,,,,,,,,,,,,,,,,,,,,,334,,,,,,,252
45,24,1273,504,180,323,,,,,,,,,,,,,,,,,,,,,279,,,,,,,215
45,25,1689,696,271,422,,,,,,,,,,,,,,,,,,,,,398,,,,,,,291
45,26,1555,508,234,273,,,,,,,,,,,,,,,,,,,,,285,,,,,,,219
45,27,1306,631,273,355,,,,,,,,,,,,,,,,,,,,,388,,,,,,,234
45,28,1534,603,229,371,,,,,,,,,,,,,,,,,,,,,323,,,,,,,270
45,29,1260,526,322,201,,,,,,,,,,,,,,,,,,,,,424,,,,,,,96
46,1,1275,629,250,376,,,460,,160,,,,,,,,,,,,,,,,,,,,,,,
46,2,1250,625,335,289,,,324,,286,,,,,,,,,,,,,,,,,,,,,,,
46,3,1524,666,447,217,,,255,,392,,,,,,,,,,,,,,,,,,,,,,,
46,4,1729,777,386,385,,,427,,337,,,,,,,,,,,,,,,,,,,,,,,
46,5,1406,684,282,402,,,412,,257,,,,,,,,,,,,,,,,,,,,,,,
46,6,2090,977,575,402,,,430,,529,,,,,,,,,,,,,,,,,,,,,,,
46,7,1446,576,368,207,,,244,,320,,,,,,,,,,,,,,,,,,,,,,,
46,8,1666,689,392,295,,,327,,353,,,,,,,,,,,,,,,,,,,,,,,
46,9,1655,759,348,409,,,437,,294,,,,,,,,,,,,,,,,,,,,,,,
46,10,1377,669,459,208,,,240,,423,,,,,,,,,,,,,,,,,,,,,,,
46,11,1791,773,480,293,,,298,,458,,,,,,,,,,,,,,,,,,,,,,,
46,12,1968,915,484,430,,,459,,444,,,,,,,,,,,,,,,,,,,,,,,
46,13,1793,824,538,280,,,290,,521,,,,,,,,,,,,,,,,,,,,,,,
46,14,1198,455,320,133,,,147,,300,,,,,,,,,,,,,,,,,,,,,,,
46,15,1936,1013,469,540,,,570,,420,,,,,,,,,,,,,,,,,,,,,,,
46,16,1736,639,459,176,,,197,,432,,,,,,,,,,,,,,,,,,,,,,,
46,17,1924,947,689,252,,,282,,657,,,,,,,,,,,,,,,,,,,,,,,
46,18,1773,759,545,212,,,273,,477,,,,,,,,,,,,,,,,,,,,,,,
46,19,1565,633,443,186,,,251,,372,,,,,,,,,,,,,,,,,,,,,,,
46,20,1752,579,376,197,,,186,,384,,,,,,,,,,,,,,,,,,,,,,,
46,21,1012,444,267,176,,,211,,226,,,,,,,,,,,,,,,,,,,,,,,
46,22,1810,573,425,146,,,133,,434,,,,,,,,,,,,,,,,,,,,,,,
46,23,1365,499,362,129,,,146,,349,,,,,,,,,,,,,,,,,,,,,,,
47,1,1214,612,335,277,,,,,,,,,,,,,,,,,,,,,,,,,,,,
47,2,1182,538,366,171,,,,,,,,,,,,,,,,,,,,,,,,,,,,
47,3,1186,545,380,165,,,,,,,,,,,,,,,,,,,,,,,,,,,,
47,4,1478,717,471,245,,,,,,,,,,,,,,,,,,,,,,,,,,,,
47,5,1691,841,663,178,,,,,,,,,,,,,,,,,,,,,,,,,,,,
47,6,1642,716,538,178,,,,,,,,,,,,,,,,,,,,,,,,,,,,
47,7,1942,1067,699,367,,,,,,,,,,,,,,,,,,,,,,,,,,,,
47,8,1384,722,489,232,,,,,,,,,,,,,,,,,,,,,,,,,,,,
47,9,1602,872,490,381,,,,,,,,,,,,,,,,,,,,,,,,,,,,
47,10,1514,706,523,182,,,,,,,,,,,,,,,,,,,,,,,,,,,,
47,11,1331,633,424,209,,,,,,,,,,,,,,,,,,,,,,,,,,,,
47,12,1015,482,303,179,,,,,,,,,,,,,,,,,,,,,,,,,,,,
47,13,1022,544,342,200,,,,,,,,,,,,,,,,,,,,,,,,,,,,
47,14,1444,686,365,321,,,,,,,,,,,,,,,,,,,,,,,,,,,,
47,15,1338,712,258,453,,,,,,,,,,,,,,,,,,,,,,,,,,,,
47,16,1343,729,328,400,,,,,,,,,,,,,,,,,,,,,,,,,,,,
47,17,1161,595,336,258,,,,,,,,,,,,,,,,,,,,,,,,,,,,
47,18,1476,741,462,279,,,,,,,,,,,,,,,,,,,,,,,,,,,,
47,19,1569,723,462,260,,,,,,,,,,,,,,,,,,,,,,,,,,,,
47,20,1392,700,387,313,,,,,,,,,,,,,,,,,,,,,,,,,,,,
47,21,1491,744,341,402,,,,,,,,,,,,,,,,,,,,,,,,,,,,
47,22,1264,598,294,304,,,,,,,,,,,,,,,,,,,,,,,,,,,,
47,23,1509,727,385,342,,,,,,,,,,,,,,,,,,,,,,,,,,,,
47,24,1622,795,401,394,,,,,,,,,,,,,,,,,,,,,,,,,,,,
47,25,1252,629,317,312,,,,,,,,,,,,,,,,,,,,,,,,,,,,
47,26,1597,898,369,529,,,,,,,,,,,,,,,,,,,,,,,,,,,,
47,27,1486,779,362,417,,,,,,,,,,,,,,,,,,,,,,,,,,,,
47,28,1224,533,190,342,,,,,,,,,,,,,,,,,,,,,,,,,,,,
48,1,1396,747,535,209,,,,,,,,,,263,,,,475,,,,,,,,,,,,,,
48,2,523,294,170,124,,,,,,,,,,171,,,,117,,,,,,,,,,,,,,
48,3,1031,416,282,134,,,,,,,,,,154,,,,246,,,,,,,,,,,,,,
48,4,950,382,278,103,,,,,,,,,,153,,,,221,,,,,,,,,,,,,,
48,5,447,305,161,142,,,,,,,,,,204,,,,96,,,,,,,,,,,,,,
48,6,1419,576,414,161,,,,,,,,,,217,,,,353,,,,,,,,,,,,,,
48,7,1160,630,428,199,,,,,,,,,,227,,,,400,,,,,,,,,,,,,,
48,8,886,415,192,222,,,,,,,,,,269,,,,144,,,,,,,,,,,,,,
48,9,608,335,140,195,,,,,,,,,,189,,,,131,,,,,,,,,,,,,,
48,10,1220,734,531,202,,,,,,,,,,254,,,,472,,,,,,,,,,,,,,
48,11,862,477,292,184,,,,,,,,,,235,,,,240,,,,,,,,,,,,,,
48,12,1501,671,409,259,,,,,,,,,,273,,,,377,,,,,,,,,,,,,,
48,13,1003,539,256,277,,,,,,,,,,342,,,,188,,,,,,,,,,,,,,
48,14,1317,566,362,201,,,,,,,,,,260,,,,294,,,,,,,,,,,,,,
48,15,1001,442,305,135,,,,,,,,,,190,,,,236,,,,,,,,,,,,,,
48,16,824,324,219,105,,,,,,,,,,131,,,,184,,,,,,,,,,,,,,
48,17,385,219,82,135,,,,,,,,,,138,,,,74,,,,,,,,,,,,,,
48,18,1655,523,364,157,,,,,,,,,,234,,,,273,,,,,,,,,,,,,,
48,19,722,370,191,178,,,,,,,,,,200,,,,167,,,,,,,,,,,,,,
48,20,436,267,124,141,,,,,,,,,,173,,,,85,,,,,,,,,,,,,,
48,21,1559,509,353,154,,,,,,,,,,202,,,,291,,,,,,,,,,,,,,
48,22,616,377,142,234,,,,,,,,,,265,,,,99,,,,,,,,,,,,,,
48,23,832,422,213,208,,,,,,,,,,264,,,,152,,,,,,,,,,,,,,
48,24,1810,752,428,323,,,,,,,,,,373,,,,357,,,,,,,,,,,,,,
48,25,1160,587,414,172,,,,,,,,,,254,,,,331,,,,,,,,,,,,,,
48,26,646,307,140,166,,,,,,,,,,185,,,,114,,,,,,,,,,,,,,
48,27,984,371,218,152,,,,,,,,,,174,,,,194,,,,,,,,,,,,,,
48,28,1079,487,357,128,,,,,,,,,,148,,,,336,,,,,,,,,,,,,,
48,29,355,235,121,114,,,,,,,,,,124,,,,101,,,,,,,,,,,,,,
48,30,960,584,345,235,,,,,,,,,,320,,,,257,,,,,,,,,,,,,,
48,31,1057,537,419,118,,,,,,,,,,148,,,,383,,,,,,,,,,,,,,
48,32,1177,436,299,136,,,,,,,,,,188,,,,237,,,,,,,,,,,,,,
48,33,426,240,97,143,,,,,,,,,,173,,,,66,,,,,,,,,,,,,,
48,34,856,440,317,120,,,,,,,,,,176,,,,258,,,,,,,,,,,,,,
48,35,1149,700,452,244,,,,,,,,,,384,,,,308,,,,,,,,,,,,,,
49,1,1923,567,387,179,,,,,,,,,,,,,,,,,,,,,,,,,,,,
49,2,1526,476,342,134,,,,,,,,,,,,,,,,,,,,,,,,,,,,
49,3,1916,702,456,246,,,,,,,,,,,,,,,,,,,,,,,,,,,,
49,4,1774,725,560,164,,,,,,,,,,,,,,,,,,,,,,,,,,,,
49,5,1816,759,518,241,,,,,,,,,,,,,,,,,,,,,,,,,,,,
49,6,193,51,35,16,,,,,,,,,,,,,,,,,,,,,,,,,,,,
49,7,1916,791,553,237,,,,,,,,,,,,,,,,,,,,,,,,,,,,
49,8,2005,896,688,208,,,,,,,,,,,,,,,,,,,,,,,,,,,,
49,9,2029,777,615,160,,,,,,,,,,,,,,,,,,,,,,,,,,,,
49,10,1245,501,340,161,,,,,,,,,,,,,,,,,,,,,,,,,,,,
49,11,1678,510,337,173,,,,,,,,,,,,,,,,,,,,,,,,,,,,
49,12,1810,465,325,140,,,,,,,,,,,,,,,,,,,,,,,,,,,,
49,13,1952,598,420,178,,,,,,,,,,,,,,,,,,,,,,,,,,,,
49,14,2041,764,561,203,,,,,,,,,,,,,,,,,,,,,,,,,,,,
49,15,1872,720,547,173,,,,,,,,,,,,,,,,,,,,,,,,,,,,
49,16,1843,690,556,134,,,,,,,,,,,,,,,,,,,,,,,,,,,,
49,17,1798,744,578,165,,,,,,,,,,,,,,,,,,,,,,,,,,,,
50,1,1151,524,83,441,,,,,,,,,,,,,,,,,,,,,,,,,,,,
50,2,1170,478,104,373,,,,,,,,,,,,,,,,,,,,,,,,,,,,
50,3,880,362,101,261,,,,,,,,,,,,,,,,,,,,,,,,,,,,
50,4,1162,318,153,163,,,,,,,,,,,,,,,,,,,,,,,,,,,,
50,5,1523,551,202,349,,,,,,,,,,,,,,,,,,,,,,,,,,,,
50,6,625,219,139,80,,,,,,,,,,,,,,,,,,,,,,,,,,,,
50,7,1541,613,359,252,,,,,,,,,,,,,,,,,,,,,,,,,,,,
50,8,1816,360,234,125,,,,,,,,,,,,,,,,,,,,,,,,,,,,
50,9,308,148,28,120,,,,,,,,,,,,,,,,,,,,,,,,,,,,
50,10,1222,358,72,286,,,,,,,,,,,,,,,,,,,,,,,,,,,,
50,11,1305,601,85,515,,,,,,,,,,,,,,,,,,,,,,,,,,,,
50,12,394,163,33,129,,,,,,,,,,,,,,,,,,,,,,,,,,,,
50,13,1514,472,258,214,,,,,,,,,,,,,,,,,,,,,,,,,,,,
50,14,264,138,33,105,,,,,,,,,,,,,,,,,,,,,,,,,,,,
50,15,1450,433,230,203,,,,,,,,,,,,,,,,,,,,,,,,,,,,
50,16,256,119,12,107,,,,,,,,,,,,,,,,,,,,,,,,,,,,
50,17,1028,169,63,105,,,,,,,,,,,,,,,,,,,,,,,,,,,,
50,18,171,63,7,56,,,,,,,,,,,,,,,,,,,,,,,,,,,,
50,19,910,140,80,60,,,,,,,,,,,,,,,,,,,,,,,,,,,,
50,20,673,143,72,71,,,,,,,,,,,,,,,,,,,,,,,,,,,,
50,21,1590,338,215,122,,,,,,,,,,,,,,,,,,,,,,,,,,,,
50,22,1746,551,94,457,,,,,,,,,,,,,,,,,,,,,,,,,,,,
50,23,1561,365,111,253,,,,,,,,,,,,,,,,,,,,,,,,,,,,
50,24,1694,705,61,644,,,,,,,,,,,,,,,,,,,,,,,,,,,,
50,25,358,106,29,77,,,,,,,,,,,,,,,,,,,,,,,,,,,,
50,26,898,215,47,168,,,,,,,,,,,,,,,,,,,,,,,,,,,,
50,27,272,123,27,96,,,,,,,,,,,,,,,,,,,,,,,,,,,,
50,28,1151,483,223,260,,,,,,,,,,,,,,,,,,,,,,,,,,,,
